"Time (s)"	"Linear Acceleration x (m/s^2)"	"Linear Acceleration y (m/s^2)"	"Linear Acceleration z (m/s^2)"	"Absolute acceleration (m/s^2)"
2.150788500E-2	-1.806169748E-3	4.785060883E-2	1.151061058E-2	4.924872760E-2
2.956440600E-2	1.432254165E-1	-1.577453613E-1	6.202363968E-2	2.219100062E-1
3.759041100E-2	2.659133375E-1	-1.990242004E-1	-2.978301048E-2	3.334779800E-1
4.558589900E-2	2.260728925E-1	-9.011459351E-2	-1.720118523E-1	2.980229354E-1
5.361190300E-2	1.649298668E-1	3.860282898E-2	-1.953976154E-1	2.585967275E-1
6.163790800E-2	1.656489670E-1	1.328239441E-1	-2.044372559E-1	2.947479805E-1
6.969443000E-2	2.393228412E-1	1.220703125E-1	-1.983718872E-1	3.339580649E-1
7.775095100E-2	3.366227746E-1	8.296012878E-2	-2.694692612E-1	4.391024460E-1
8.580747400E-2	3.111835420E-1	4.553890228E-2	-3.160191774E-1	4.458442654E-1
9.386399500E-2	2.658583820E-1	5.961513519E-2	-2.868448496E-1	3.956192758E-1
1.019205170E-1	1.955089867E-1	4.611587524E-2	-1.886490583E-1	2.755701454E-1
1.099465220E-1	3.206643462E-2	1.129722595E-1	-2.978277206E-2	1.211528009E-1
1.180030440E-1	-1.013351977E-1	1.693544388E-1	1.174471378E-1	2.296597013E-1
1.260595650E-1	-1.037060320E-1	1.310482025E-1	1.841478348E-1	2.486744810E-1
1.341160870E-1	-8.796074986E-2	5.805683136E-2	2.001039982E-1	2.261621084E-1
1.421726090E-1	-1.078106835E-1	5.131626129E-2	2.477154732E-1	2.749899231E-1
1.502291310E-1	-8.551950008E-2	5.354881287E-2	2.999937534E-1	3.165079973E-1
1.582551350E-1	-1.619334668E-1	1.053886414E-1	3.534791470E-1	4.028358484E-1
1.663116570E-1	-1.370063871E-1	1.916732788E-1	3.255715370E-1	4.018783667E-1
1.743681790E-1	-7.363237441E-2	1.348838806E-1	1.885080338E-1	2.432091006E-1
1.824247010E-1	-1.467981935E-2	1.144132614E-1	6.202435493E-2	1.309691265E-1
1.904812230E-1	8.121538162E-2	1.150150299E-1	4.253864288E-3	1.408633759E-1
1.985377440E-1	6.716887653E-2	4.643058777E-2	-1.615452766E-2	8.323716849E-2
2.065942660E-1	5.213715881E-2	1.387023926E-2	1.524543762E-2	5.606326992E-2
2.146507890E-1	-5.325359106E-2	7.420444489E-2	1.839852333E-2	9.317054396E-2
2.226767930E-1	-1.564832479E-1	1.931314468E-1	1.343536377E-2	2.489322631E-1
2.307333140E-1	-1.622621119E-1	2.583141327E-1	-3.615140915E-3	3.050708989E-1
2.387898370E-1	-6.588862836E-2	2.124681473E-1	-3.441500664E-2	2.250964630E-1
2.468463590E-1	4.100523889E-2	1.412286758E-1	-4.194092751E-2	1.529248505E-1
2.549028800E-1	1.502785236E-1	9.665584564E-2	-5.806088448E-2	1.878751007E-1
2.629594020E-1	2.307065576E-1	8.381175995E-2	-1.388044357E-1	2.819868760E-1
2.710159230E-1	2.927991450E-1	6.606197357E-2	-2.248878479E-1	3.750600856E-1
2.790419280E-1	3.254132867E-1	9.170722961E-2	-2.907170057E-1	4.458928128E-1
2.870984500E-1	2.202725410E-1	1.517200470E-1	-3.379430771E-1	4.309808445E-1
2.951549720E-1	1.352699101E-1	2.488441467E-1	-3.682041168E-1	4.645380820E-1
3.032114940E-1	9.467940778E-3	2.919645309E-1	-2.555215359E-1	3.881033168E-1
3.112680160E-1	-9.565496445E-2	2.271804810E-1	-3.753530979E-2	2.493386104E-1
3.193245380E-1	-1.729486287E-1	1.297492981E-1	3.057973385E-1	3.745105082E-1
3.273810590E-1	-2.098017186E-1	8.130073547E-3	4.444760084E-1	4.915707287E-1
3.354070640E-1	-2.147258669E-1	1.262664795E-3	3.158971071E-1	3.819682900E-1
3.434635860E-1	-1.650663614E-1	9.260368347E-2	8.657920361E-2	2.081304984E-1
3.515201080E-1	-1.161634922E-1	1.817321777E-1	-6.454980373E-2	2.251382209E-1
3.595766290E-1	-5.582301319E-2	2.447605133E-1	-2.215863466E-1	3.348498569E-1
3.676331520E-1	-3.192833811E-2	3.199701309E-1	-3.293383121E-1	4.602868967E-1
3.756591560E-1	6.726531684E-2	3.284311295E-1	-3.307460546E-1	4.709401048E-1
3.837156770E-1	1.871306002E-1	2.078399658E-1	-2.422875166E-1	3.700250716E-1
3.917722000E-1	2.092825174E-1	1.615762711E-1	-1.351925135E-1	2.969563590E-1
3.998287220E-1	1.771858335E-1	1.512470245E-1	-1.145887375E-2	2.332419083E-1
4.078852430E-1	1.577276736E-1	1.287927628E-1	9.869384766E-2	2.262875833E-1
4.159417650E-1	1.393856704E-1	1.084384918E-1	1.025993824E-1	2.042398220E-1
4.239982870E-1	1.150067300E-1	9.505081177E-2	-1.211571693E-2	1.496930037E-1
4.320242920E-1	6.053207070E-2	1.010103226E-1	-2.251183987E-2	1.198916168E-1
4.400808130E-1	-2.696297318E-2	1.408720016E-1	4.412770271E-2	1.500639094E-1
4.481373350E-1	-7.895839214E-2	1.572437286E-1	1.754950285E-1	2.485126212E-1
4.561938570E-1	-7.255640626E-2	8.302879333E-2	3.192883730E-1	3.377917668E-1
4.642503790E-1	2.805748582E-2	6.179046631E-2	3.705896139E-1	3.767518363E-1
4.722763830E-1	1.630424559E-1	2.403831482E-2	3.824284077E-1	4.164278689E-1
4.803329060E-1	2.609595060E-1	7.314682007E-4	3.580307961E-1	4.430422663E-1
4.883894270E-1	3.057773113E-1	1.800823212E-2	2.720445395E-1	4.096733967E-1
4.964459490E-1	3.122663498E-1	3.749275208E-2	1.248084307E-1	3.383683260E-1
5.045024710E-1	2.902623415E-1	9.265995026E-2	2.665269375E-2	3.058569263E-1
5.125284760E-1	3.065360188E-1	6.627941132E-2	-1.042289734E-1	3.304859605E-1
5.205849970E-1	2.927607000E-1	6.338119507E-3	-1.320036650E-1	3.212070466E-1
5.286415190E-1	2.657290697E-1	1.586914062E-3	-4.863142967E-3	2.657783041E-1
5.366980410E-1	1.617909670E-1	3.049564362E-2	1.597011089E-1	2.293703239E-1
5.447545630E-1	2.118146420E-2	4.509353638E-2	3.094853163E-1	3.134696834E-1
5.528110850E-1	-5.631064624E-2	1.507072449E-1	3.345140219E-1	3.711915858E-1
5.608370900E-1	-1.258854568E-2	1.701402664E-1	2.709792852E-1	3.202123589E-1
5.688020600E-1	-4.603914171E-2	2.015619278E-1	2.337377071E-1	3.120578937E-1
5.768280650E-1	-2.784822881E-2	2.449913025E-1	2.083858252E-1	3.228326413E-1
5.848540690E-1	-3.457534313E-2	2.428188324E-1	1.645352840E-1	2.953443743E-1
5.929105910E-1	5.216717720E-3	2.021436691E-1	1.433808804E-1	2.478857680E-1
6.009671130E-1	1.421652287E-1	1.276874542E-1	3.750240803E-2	1.947343545E-1
6.090236350E-1	2.148110569E-1	2.698898315E-3	-1.389093399E-1	2.558258762E-1
6.170191220E-1	1.775362492E-1	-2.170276642E-2	-1.816515923E-1	2.549263243E-1
6.250451270E-1	6.663711369E-2	1.097536087E-1	-8.225202560E-2	1.524852624E-1
6.331016490E-1	-4.257759452E-2	1.837749481E-1	-3.343665600E-2	1.915831231E-1
6.411581700E-1	-1.225936785E-1	2.001705170E-1	1.856529713E-2	2.354614961E-1
6.492146920E-1	-2.005483061E-1	2.020845413E-1	6.644093990E-2	2.923562611E-1
6.572712140E-1	-2.076137066E-1	2.494583130E-1	1.639437675E-2	3.249641160E-1
6.653277360E-1	-1.678329110E-1	2.897357941E-1	-9.384965897E-2	3.477390902E-1
6.733537400E-1	-1.549142301E-1	2.895851135E-1	-1.096791029E-1	3.462476892E-1
6.814102630E-1	-1.668903530E-1	3.161363602E-1	-4.111099243E-2	3.598398280E-1
6.894667850E-1	-1.580035686E-1	2.590599060E-1	9.369421005E-2	3.175779709E-1
6.975233060E-1	-1.134726554E-1	1.803426743E-1	1.452136040E-1	2.578497905E-1
7.055798280E-1	-1.192281470E-1	1.684608459E-1	1.235750914E-1	2.405518881E-1
7.136058330E-1	-8.396628499E-2	2.090072632E-1	7.204568386E-2	2.364845738E-1
7.216623550E-1	-1.032543182E-2	2.134084702E-1	-2.856731415E-2	2.155594607E-1
7.297188760E-1	1.370820403E-2	1.338720322E-1	-6.387603283E-2	1.489623557E-1
7.377753980E-1	-5.654139817E-2	1.477003098E-1	-2.986717224E-2	1.609483122E-1
7.458319200E-1	-1.474773586E-1	2.143144608E-1	1.399339437E-1	2.954010291E-1
7.538579250E-1	-1.762386262E-1	2.019834518E-1	1.561713219E-1	3.102367644E-1
7.619144460E-1	-1.146906540E-1	1.801633835E-1	1.648588181E-1	2.697984817E-1
7.699709690E-1	-6.987607479E-2	1.512537003E-1	9.643733501E-2	1.925110575E-1
7.780274900E-1	-7.063318789E-2	1.439447403E-1	6.605994701E-2	1.734158358E-1
7.860534940E-1	-8.565524220E-2	1.893701553E-1	1.000010967E-1	2.306471235E-1
7.941100170E-1	-1.769784689E-1	2.132501602E-1	1.458535194E-1	3.131617129E-1
8.021665390E-1	-2.398619205E-1	2.657260895E-1	2.115901709E-1	4.158298882E-1
8.102230600E-1	-2.627133727E-1	2.463073730E-1	2.682080269E-1	4.490224759E-1
8.182490650E-1	-1.743796915E-1	2.220077515E-1	2.129319906E-1	3.536039467E-1
8.263055870E-1	-8.251272142E-2	9.707736969E-2	9.596216679E-2	1.595026719E-1
8.343621090E-1	5.176277459E-2	2.009201050E-2	-1.165986061E-2	5.673646154E-2
8.424186300E-1	1.625689864E-1	-3.754806519E-2	-9.159433842E-2	1.903366895E-1
8.504751520E-1	2.245334238E-1	-1.022481918E-1	-1.484084129E-1	2.879149322E-1
8.585011570E-1	1.615180075E-1	-6.478309631E-3	-1.315611601E-1	2.084187470E-1
8.665576790E-1	8.801864088E-2	7.968521118E-2	-6.925594807E-2	1.374532661E-1
8.746142000E-1	-2.096752822E-2	1.081485748E-1	4.930901527E-2	1.206943680E-1
8.826707230E-1	-5.589884520E-2	1.194257736E-1	6.480908394E-2	1.469265587E-1
8.907272440E-1	-1.083202362E-1	1.495742798E-1	-1.865041256E-2	1.856167466E-1
8.987837660E-1	-9.465076029E-2	1.438608170E-1	-8.309650421E-2	1.912059886E-1
9.068402880E-1	-8.255539834E-2	5.700874329E-2	-6.014239788E-2	1.169722131E-1
9.148968090E-1	-4.259249568E-2	-4.866504669E-2	3.540837765E-2	7.373032392E-2
9.229228140E-1	-7.893486321E-2	-3.682708740E-2	1.274682283E-1	1.543861918E-1
9.309793360E-1	-6.513430178E-2	-9.956359863E-4	1.785821915E-1	1.900922609E-1
9.390358580E-1	-4.444749653E-2	8.388519287E-3	1.537185907E-1	1.602353030E-1
9.470923800E-1	2.401667833E-2	6.062030792E-2	6.076729298E-2	8.913072684E-2
9.551489020E-1	7.032808661E-2	2.555847168E-3	-7.190585136E-2	1.006132376E-1
9.632054230E-1	1.407917440E-1	-5.350112915E-4	-2.304426432E-1	2.700489089E-1
9.712314280E-1	1.836424768E-1	8.542060852E-3	-2.752577066E-1	3.310050319E-1
9.792879500E-1	2.011198103E-1	1.292324066E-2	-2.847918272E-1	3.488876225E-1
9.873444720E-1	2.121501863E-1	-1.703262329E-3	-2.401492596E-1	3.204407426E-1
9.954009930E-1	1.214274168E-1	3.408145905E-2	-1.173807383E-1	1.722916165E-1
1.003457515E0	-2.558392286E-2	1.178541183E-1	5.491566658E-2	1.325136248E-1
1.011514038E0	-1.006833166E-1	1.705141068E-1	1.146248579E-1	2.288035159E-1
1.019570559E0	-9.865836799E-2	1.488494873E-1	1.200891733E-1	2.152000302E-1
1.027596563E0	-2.630758286E-2	9.850406647E-2	1.298797131E-2	1.027804817E-1
1.035653086E0	1.437893510E-2	7.227420807E-2	-7.102406025E-2	1.023461385E-1
1.043709608E0	6.433293223E-2	9.668731689E-2	-7.553923130E-2	1.385400263E-1
1.051766129E0	6.856980920E-2	6.869506836E-2	-3.118681908E-2	1.019482655E-1
1.059822651E0	7.248070836E-2	6.240940094E-2	-2.112805843E-2	9.795295434E-2
1.067848656E0	9.080386162E-2	4.170322418E-2	3.710603714E-2	1.065896720E-1
1.075905177E0	1.237764359E-1	5.184268951E-2	8.244848251E-2	1.574992787E-1
1.083961699E0	1.692771018E-1	2.811336517E-2	9.126555920E-2	1.943566330E-1
1.092018221E0	1.962460876E-1	2.089118958E-2	7.259368896E-2	2.102826963E-1
1.100074743E0	2.189189196E-1	-8.020401001E-3	4.982578754E-2	2.246606981E-1
1.108100747E0	1.753856540E-1	4.443931580E-2	1.511394978E-2	1.815582878E-1
1.116157270E0	6.124913692E-3	2.263040543E-1	3.466939926E-2	2.290262142E-1
1.124213792E0	-7.786312699E-2	3.126258850E-1	7.949113846E-2	3.318379900E-1
1.132270313E0	-3.932356834E-2	2.050476074E-1	4.785490036E-2	2.141984029E-1
1.140326835E0	2.176833153E-2	1.478900909E-1	1.807606220E-2	1.505725183E-1
1.148383357E0	7.278597355E-2	1.101284027E-1	3.977262974E-2	1.378692319E-1
1.156409362E0	1.376344264E-1	7.749843597E-2	1.411485672E-1	2.118305004E-1
1.164465883E0	1.266442537E-1	3.298568726E-2	2.227827311E-1	2.583775683E-1
1.172522405E0	1.449124813E-1	1.462459564E-2	2.263163328E-1	2.691330313E-1
1.180578927E0	1.805037260E-1	2.226543427E-2	1.693024635E-1	2.484766967E-1
1.188635449E0	1.522964537E-1	7.748603821E-2	4.430580139E-2	1.765256354E-1
1.196691971E0	1.250382960E-1	1.587858200E-1	-5.316114426E-2	2.089823422E-1
1.204748492E0	3.836056590E-2	2.232713699E-1	-7.617509365E-2	2.390068671E-1
1.212805014E0	-4.108649492E-2	2.304973602E-1	1.225197315E-2	2.344509415E-1
1.220861537E0	-8.048252761E-2	1.805992126E-1	1.756277084E-1	2.644590797E-1
1.228887541E0	-1.060524285E-1	1.789045334E-1	2.823623419E-1	3.506885253E-1
1.236944062E0	-3.147754073E-2	1.271648407E-1	2.658187151E-1	2.963466240E-1
1.245000585E0	2.839300036E-2	9.707832336E-2	1.626234055E-1	1.915117107E-1
1.253057106E0	-7.024347782E-3	1.650886536E-1	1.746191978E-1	2.404068827E-1
1.261083111E0	-9.490795434E-2	2.089424133E-1	2.619342804E-1	3.482441947E-1
1.269139633E0	-9.489013255E-2	2.212266922E-1	2.631158829E-1	3.566165369E-1
1.277196155E0	-5.750659108E-2	1.996450424E-1	2.064234018E-1	2.928750105E-1
1.285252676E0	-2.091228962E-2	1.898097992E-1	1.007912159E-1	2.159258042E-1
1.293309198E0	1.131457686E-1	1.559286118E-1	-2.572166920E-2	1.943638372E-1
1.301365720E0	1.755391061E-1	6.953620911E-2	-1.411032677E-1	2.357104035E-1
1.309391725E0	2.250739336E-1	4.096031189E-2	-1.652647257E-1	2.822205738E-1
1.317448246E0	1.305217147E-1	7.739353180E-2	-7.200145721E-2	1.679579906E-1
1.325504768E0	-1.503989100E-2	1.810779572E-1	7.865905762E-3	1.818716508E-1
1.333561291E0	-9.828752279E-2	2.823848724E-1	4.216122627E-2	3.019589746E-1
1.341617812E0	-5.623888969E-2	2.710914612E-1	-9.052157402E-3	2.770114340E-1
1.349643816E0	1.531606913E-2	1.830568314E-1	-1.829624176E-3	1.837055606E-1
1.357700339E0	3.889992833E-2	5.900955200E-2	9.450781345E-2	1.180129588E-1
1.365756860E0	2.244547009E-2	5.708122253E-2	1.930475235E-1	2.025571806E-1
1.373813382E0	-4.805779457E-2	8.863353729E-2	1.838592291E-1	2.096894649E-1
1.381869904E0	-5.367168784E-2	1.582899094E-1	9.905540943E-2	1.942892679E-1
1.389926425E0	-4.484444857E-3	1.680669785E-1	7.190060616E-2	1.828559998E-1
1.397952430E0	9.068846703E-3	1.609535217E-1	-5.520391464E-2	1.703988038E-1
1.406008952E0	-1.998013258E-2	1.562185287E-1	-1.248363256E-1	2.009665211E-1
1.414065474E0	-1.782676578E-2	1.802120209E-1	-4.126143456E-2	1.857327974E-1
1.422121996E0	-4.644888639E-2	1.441612244E-1	6.955802441E-2	1.666681626E-1
1.430178518E0	-8.882716298E-2	1.054706573E-1	8.337068558E-2	1.611365746E-1
1.438235040E0	-1.281393319E-1	1.504411697E-1	1.336795092E-1	2.385842516E-1
1.446291561E0	-1.239342839E-1	1.739492416E-1	9.008479118E-2	2.318044758E-1
1.454317566E0	-1.247254461E-1	1.737318039E-1	1.430320740E-2	2.143449517E-1
1.462374088E0	-9.502294660E-2	1.906461716E-1	1.570689678E-2	2.135931406E-1
1.470430609E0	-4.911547899E-2	1.742410660E-1	4.012441635E-2	1.854245079E-1
1.478487131E0	-1.570084691E-2	1.531419754E-1	8.808922768E-2	1.773659868E-1
1.486543654E0	-6.308019161E-3	1.224193573E-1	8.126389980E-2	1.470717905E-1
1.494600175E0	5.841135979E-3	1.490602493E-1	8.203804493E-2	1.702448754E-1
1.502626179E0	-1.551702619E-2	1.804094315E-1	9.281492233E-2	2.034771507E-1
1.510682702E0	-8.180379868E-3	1.516666412E-1	1.024247408E-1	1.831952953E-1
1.518739224E0	-7.028877735E-4	1.250715256E-1	1.515965462E-1	1.965321688E-1
1.526795745E0	-1.688289642E-2	1.295127869E-1	2.083441019E-1	2.458980662E-1
1.534852267E0	-4.684066772E-2	8.601188660E-2	2.437381744E-1	2.626792540E-1
1.542908789E0	-1.265706271E-1	1.143798828E-1	2.141743898E-1	2.738129845E-1
1.550965311E0	-8.640444279E-2	1.332149506E-1	1.268932819E-1	2.032581014E-1
1.558991315E0	-6.576266885E-2	1.186017990E-1	6.325709820E-2	1.496414910E-1
1.567047838E0	-3.539207578E-2	1.447257996E-1	1.855456829E-2	1.501413604E-1
1.575104359E0	-7.430484891E-2	1.899871826E-1	-9.320735931E-3	2.042136534E-1
1.583160881E0	-3.225246072E-2	1.969013214E-1	-4.648709297E-2	2.048692300E-1
1.591217403E0	-3.842192888E-2	1.247835159E-1	-6.910312176E-2	1.477241074E-1
1.599243408E0	-5.867883563E-2	1.125526428E-1	-2.728521824E-2	1.298298359E-1
1.607299929E0	-4.804739356E-2	6.692314148E-2	4.507887363E-2	9.391146757E-2
1.615356451E0	1.036283374E-2	1.169872284E-2	8.642411232E-2	8.782582553E-2
1.623412973E0	-1.456275582E-2	-2.200317383E-2	1.062736511E-1	1.095002394E-1
1.631469495E0	-1.733708382E-2	4.957485199E-2	5.212950706E-2	7.399814817E-2
1.639495499E0	-1.010157615E-1	1.928825378E-1	-4.229462147E-2	2.218032743E-1
1.647552021E0	-4.275223613E-2	1.949205399E-1	-6.452310085E-2	2.097260144E-1
1.655608544E0	5.047169328E-2	1.371765137E-1	-7.259297371E-2	1.632008810E-1
1.663665065E0	4.754719138E-2	8.670616150E-2	-6.851077080E-3	9.912432147E-2
1.671721587E0	6.153759360E-2	4.356670380E-2	5.569875240E-2	9.374051486E-2
1.679778108E0	3.747078776E-2	-4.264831543E-3	1.488211155E-1	1.535251547E-1
1.687834630E0	4.715409875E-2	5.263328552E-3	1.083446741E-1	1.182784007E-1
1.695860635E0	4.295900464E-2	4.576206207E-2	1.566052437E-3	6.278610455E-2
1.703917157E0	-3.504866362E-2	1.269159317E-1	-1.050554514E-1	1.684420090E-1
1.711973678E0	-1.290509105E-2	1.530475616E-1	-1.399984360E-1	2.078212202E-1
1.720030201E0	-2.964183688E-2	1.721019745E-1	-1.466689110E-1	2.280559089E-1
1.728086723E0	-3.736788034E-2	1.770019531E-1	-7.292926311E-2	1.950505763E-1
1.736143244E0	-6.706950068E-2	1.558389664E-1	8.803784847E-2	1.911406920E-1
1.744199766E0	-8.981749415E-2	1.180820465E-1	2.122614384E-1	2.589700179E-1
1.752256287E0	-9.359905124E-2	9.471702576E-2	2.095111609E-1	2.482479081E-1
1.760282292E0	-3.773936629E-2	1.264238358E-1	1.828246117E-1	2.254597185E-1
1.768338814E0	2.737492323E-2	1.221704483E-1	1.133472919E-1	1.688863921E-1
1.776395336E0	-1.972162724E-2	1.513414383E-1	5.628502369E-2	1.626689196E-1
1.784451858E0	1.461830735E-2	2.067527771E-1	5.238926411E-2	2.137873727E-1
1.792508380E0	5.313581228E-2	1.446876526E-1	1.116952896E-1	1.903516984E-1
1.800564902E0	1.060408950E-1	6.805038452E-2	1.074273586E-1	1.655782704E-1
1.808621423E0	7.873365283E-2	1.061477661E-1	1.086980104E-1	1.711186542E-1
1.816647428E0	-6.933176517E-2	2.159786224E-1	1.221653223E-1	2.576393312E-1
1.824703950E0	-1.002534032E-1	2.971029282E-1	1.187990904E-1	3.353119721E-1
1.832760472E0	-8.004456758E-3	2.274818420E-1	6.252622604E-2	2.360542072E-1
1.840816993E0	9.080985188E-2	1.581335068E-1	4.566216469E-2	1.879831600E-1
1.848873516E0	7.277342677E-2	1.633243561E-1	6.296706200E-2	1.895670536E-1
1.856869003E0	3.147545457E-2	2.190294266E-1	1.483426094E-1	2.664021841E-1
1.864925525E0	-3.328752518E-2	1.621646881E-1	2.458333969E-1	2.963773008E-1
1.872951530E0	-7.333844900E-3	2.103624344E-1	2.514652014E-1	3.279342717E-1
1.881008052E0	-1.025792956E-2	1.839418411E-1	2.065063715E-1	2.767394217E-1
1.889034056E0	-7.977992296E-3	8.045387268E-2	1.159366369E-1	1.413427670E-1
1.897090578E0	-3.629064560E-2	2.114124298E-1	1.339738369E-1	2.529055464E-1
1.905147100E0	-6.236585975E-2	1.915454865E-1	1.232818365E-1	2.361727864E-1
1.913203621E0	-6.210443377E-2	2.529897690E-1	-1.860976219E-3	2.605076719E-1
1.921260143E0	-3.388035297E-2	2.187318802E-1	-4.577565193E-2	2.260241669E-1
1.929316665E0	-2.242738008E-2	2.396659851E-1	-4.725027084E-2	2.453066650E-1
1.937342670E0	2.447435260E-2	1.625642776E-1	-1.099145412E-2	1.647633162E-1
1.945399191E0	3.099152446E-2	1.262273788E-1	6.798207760E-2	1.466812484E-1
1.953455713E0	3.791561723E-2	1.352891922E-1	3.243303299E-2	1.441966060E-1
1.961512236E0	-3.809446096E-2	1.347017288E-1	-4.358696938E-2	1.466136679E-1
1.969568757E0	-5.373305082E-2	1.436882019E-1	-8.618223667E-2	1.759571483E-1
1.977625279E0	-6.918621063E-2	1.550512314E-1	-1.191360950E-1	2.074151037E-1
1.985651284E0	-1.900581717E-1	1.808309555E-1	-1.020538807E-1	2.814905641E-1
1.993707806E0	-1.896139383E-1	2.067356110E-1	-3.280913830E-2	2.824349447E-1
2.001764327E0	-1.188790351E-1	1.824111938E-1	-2.098894119E-2	2.187386666E-1
2.009820849E0	-2.010768652E-2	1.293420792E-1	-7.360446453E-2	1.501709349E-1
2.017877370E0	6.618031859E-2	8.603477478E-2	-5.766081810E-2	1.229088564E-1
2.025933893E0	1.215406656E-1	4.778957367E-2	-5.997180939E-2	1.437101064E-1
2.033990415E0	1.320097446E-1	2.399349213E-2	-2.692914009E-2	1.368482332E-1
2.042016419E0	9.587708116E-2	-2.146244049E-2	7.827258110E-2	1.256170689E-1
2.050072941E0	3.190457821E-3	2.147197723E-2	1.101219654E-1	1.122411337E-1
2.058129463E0	-6.277063489E-2	1.287927628E-1	8.578872681E-2	1.669953113E-1
2.066185985E0	-5.284735560E-2	1.952133179E-1	3.396487236E-2	2.050724141E-1
2.074242506E0	-4.146599770E-2	2.304067612E-1	-2.192962170E-2	2.351331811E-1
2.082299028E0	-9.164869785E-3	2.008953094E-1	-5.820667744E-2	2.093583949E-1
2.090355550E0	5.585429072E-2	1.404714584E-1	-6.431317329E-2	1.642806035E-1
2.098290004E0	7.275205851E-2	1.377401352E-1	-2.612388134E-2	1.579482955E-1
2.106346525E0	1.256204844E-1	8.487701416E-2	5.196225643E-2	1.602644368E-1
2.114403047E0	9.306627512E-2	4.158782959E-2	1.490664482E-1	1.805870569E-1
2.122429052E0	5.633857846E-2	3.897571564E-2	2.054735422E-1	2.165929786E-1
2.130394022E0	6.055411696E-2	2.433776855E-2	1.232708693E-1	1.394805910E-1
2.138450544E0	1.225613952E-1	5.031013489E-2	2.951705456E-2	1.357337901E-1
2.146507066E0	9.403669834E-2	9.787750244E-2	-1.220339537E-1	1.825244969E-1
2.154533070E0	2.317601442E-2	2.078561783E-1	-1.142089367E-1	2.382960338E-1
2.162589592E0	-2.633067966E-2	2.342834473E-1	3.836274147E-2	2.388592437E-1
2.170615597E0	-1.257479191E-2	1.746082306E-1	1.332792044E-1	2.200216033E-1
2.178672119E0	1.244315505E-2	1.483402252E-1	1.451549530E-1	2.079173271E-1
2.186698124E0	4.673138261E-2	1.243801117E-1	1.934843063E-1	2.347134660E-1
2.194754645E0	7.363253832E-2	5.484199524E-2	1.561244726E-1	1.811194249E-1
2.202780650E0	7.946342230E-2	5.213642120E-2	8.866655827E-2	1.299784615E-1
2.210806654E0	1.244585812E-1	9.470462799E-2	6.768715382E-2	1.704126046E-1
2.218832659E0	9.390839934E-2	1.035814285E-1	1.945495605E-3	1.398273391E-1
2.226858664E0	1.145398617E-2	1.722221375E-1	8.370280266E-3	1.728054398E-1
2.234915186E0	-3.712999821E-2	2.385282516E-1	1.680755615E-2	2.419852424E-1
2.242971708E0	-1.984292269E-2	2.045135498E-1	5.034685135E-3	2.055355971E-1
2.251028229E0	-4.431581497E-2	1.660289764E-1	1.337051392E-3	1.718467346E-1
2.259084751E0	-2.902194858E-2	1.254968643E-1	4.859626293E-2	1.376711053E-1
2.267080239E0	-6.176191568E-2	1.330623627E-1	1.114822626E-1	1.842509741E-1
2.275136761E0	-1.256667972E-1	1.598596573E-1	1.332601309E-1	2.431162611E-1
2.283101731E0	-1.326790154E-1	1.339769363E-1	1.551916599E-1	2.442089104E-1
2.291158253E0	-1.183590889E-1	1.366195679E-1	1.352059841E-1	2.257308982E-1
2.299184258E0	-7.264393568E-2	8.882522583E-2	7.772970200E-2	1.385964239E-1
2.307210263E0	-4.810762405E-2	1.728134155E-1	-1.937985420E-3	1.793950274E-1
2.315175233E0	4.117724299E-2	1.516885757E-1	-6.373739243E-2	1.696096829E-1
2.323231754E0	1.474611461E-1	7.577800751E-2	-3.372108936E-2	1.691869023E-1
2.331257759E0	3.243617415E-1	9.668350220E-3	-7.462382317E-2	3.329755717E-1
2.339283764E0	4.219450057E-1	-4.921340942E-2	-1.353549957E-1	4.458480933E-1
2.347309768E0	4.020465910E-1	-5.783081055E-2	-1.916681528E-1	4.491353302E-1
2.355335773E0	2.508175969E-1	6.773281097E-2	-1.054531336E-1	2.803882380E-1
2.363392295E0	1.081238389E-1	2.054319382E-1	2.516138554E-2	2.335083319E-1
2.371448817E0	-1.284736395E-2	2.855062485E-1	7.288074493E-2	2.949414784E-1
2.379505339E0	6.400972605E-3	2.718772888E-1	8.909797668E-2	2.861759635E-1
2.387561861E0	5.319705606E-2	1.456260681E-1	7.256114483E-2	1.711782645E-1
2.395618382E0	1.852282882E-1	8.171558380E-2	6.533932686E-2	2.127350065E-1
2.403644388E0	1.386598349E-1	1.330776215E-1	-1.340031624E-3	1.921926087E-1
2.411700909E0	9.370338917E-2	2.041568756E-1	8.680868149E-2	2.408237990E-1
2.419757431E0	7.780584693E-2	2.639665604E-1	1.210756302E-1	3.006516307E-1
2.427813952E0	1.478928328E-2	2.883291245E-1	9.789240360E-2	3.048529639E-1
2.435870474E0	6.635040045E-2	3.204126358E-1	2.192616463E-2	3.279441866E-1
2.443865962E0	1.436753273E-1	3.720026016E-1	-5.791163445E-2	4.029668630E-1
2.451922484E0	2.017180622E-1	3.137187958E-1	-1.665616035E-2	3.733458010E-1
2.459948488E0	1.881130338E-1	2.964925766E-1	4.189145565E-2	3.536230415E-1
2.467943976E0	2.686091661E-1	2.572383881E-1	6.741535664E-2	3.779779130E-1
2.475969981E0	4.690260887E-1	1.360311508E-1	2.397656441E-2	4.889425544E-1
2.484026502E0	7.044324875E-1	1.431941986E-2	-9.814047813E-2	7.113801576E-1
2.492052507E0	7.526392937E-1	2.659988403E-2	-1.840463877E-1	7.752719091E-1
2.500109029E0	5.181128979E-1	2.784843445E-1	-9.880328178E-2	5.964533457E-1
2.508104516E0	2.682885230E-1	5.477523804E-1	1.030678749E-1	6.185744810E-1
2.516130521E0	1.909568608E-1	6.716403961E-1	2.902147770E-1	7.561679451E-1
2.524156527E0	3.394171000E-1	6.138677597E-1	2.299184799E-1	7.381734901E-1
2.532152014E0	5.462618470E-1	6.016359329E-1	4.056406021E-2	8.136419632E-1
2.540178018E0	6.504738331E-1	6.708889008E-1	-1.703681946E-1	9.498596983E-1
2.548234540E0	6.638599634E-1	8.601598740E-1	-3.872539997E-1	1.153495002E0
2.556291062E0	6.702227592E-1	9.899883270E-1	-5.122926235E-1	1.300661050E0
2.564317066E0	8.669059873E-1	9.215888977E-1	-6.605564356E-1	1.427300561E0
2.572373589E0	1.001405835E0	9.134931564E-1	-6.737893820E-1	1.513695982E0
2.580430111E0	1.047340274E0	8.820438385E-1	-5.357155800E-1	1.470344914E0
2.588425598E0	9.373168349E-1	1.023657799E0	-2.727746964E-1	1.414511991E0
2.596451602E0	9.685184360E-1	1.152306557E0	-7.411980629E-2	1.507093928E0
2.604508125E0	1.129860759E0	1.136883736E0	-9.234976768E-2	1.605496323E0
2.612564646E0	1.338911772E0	1.099635124E0	-2.728056908E-1	1.753939875E0
2.620590650E0	1.555267215E0	1.046205521E0	-4.869093895E-1	1.936616342E0
2.628586139E0	1.680775285E0	1.200404167E0	-7.767496109E-1	2.206652596E0
2.636642661E0	1.757216930E0	1.417395592E0	-1.162714362E0	2.539434246E0
2.644699182E0	1.455163717E0	1.854157448E0	-1.540750027E0	2.815903395E0
2.652755704E0	1.139855146E0	2.377160072E0	-1.701172829E0	3.137538646E0
2.660812225E0	8.491019011E-1	2.744000435E0	-1.620045066E0	3.297735350E0
2.668838230E0	1.102999806E0	2.490111351E0	-1.682648301E0	3.201338535E0
2.676894752E0	1.639461279E0	2.010615349E0	-2.010352135E0	3.282060796E0
2.684951274E0	1.915621519E0	1.601756096E0	-1.997357845E0	3.197603283E0
2.693007796E0	2.062613487E0	1.400915146E0	-1.829895735E0	3.092807146E0
2.701064318E0	2.084953308E0	1.285906792E0	-1.447993517E0	2.845570558E0
2.709090322E0	2.137476683E0	1.070588112E0	-1.109097004E0	2.635348485E0
2.717146845E0	1.900553942E0	1.070567131E0	-7.335948944E-1	2.301386699E0
2.725172849E0	1.191729665E0	1.758620262E0	-5.715429783E-1	2.199915043E0
2.733229370E0	4.157696962E-1	2.828521729E0	-2.463712692E-1	2.869511877E0
2.741285893E0	-1.636505127E-2	3.653449059E0	4.606039524E-1	3.682405985E0
2.749311897E0	2.218470573E-1	3.387315750E0	6.206769943E-1	3.450849756E0
2.757368420E0	8.307437897E-1	2.724017143E0	1.430511475E-1	2.851467740E0
2.765424941E0	1.498229861E0	1.991000175E0	-7.715682983E-1	2.608465460E0
2.773481463E0	1.826202035E0	1.356589317E0	-1.420632362E0	2.682078440E0
2.781537984E0	2.068625212E0	9.058723450E-1	-1.723116636E0	2.840589008E0
2.789563989E0	2.001042604E0	5.699348450E-1	-1.760113955E0	2.725251982E0
2.797620511E0	1.596321583E0	5.566577911E-1	-1.656233072E0	2.366689351E0
2.805677033E0	8.438204527E-1	1.369562149E0	-1.498605251E0	2.198533860E0
2.813733554E0	4.864318371E-1	1.815293312E0	-1.443910837E0	2.369975579E0
2.821790077E0	-2.505166531E-1	2.166429520E0	-1.221158028E0	2.499480423E0
2.829846599E0	-8.145763874E-1	2.856432438E0	-8.736171722E-1	3.096118203E0
2.837903120E0	-1.155098200E0	3.217226505E0	-4.715056419E-1	3.450668893E0
2.845929125E0	-8.485522270E-1	2.867002964E0	-3.175044060E-1	3.006751723E0
2.853985647E0	-2.656259537E-1	1.835598946E0	-4.439501762E-1	1.907111008E0
2.862042169E0	2.914617062E-1	1.022128582E0	-7.320680618E-1	1.290589172E0
2.870098690E0	6.905744076E-1	2.515053749E-1	-1.121851921E0	1.341156105E0
2.878124695E0	6.721789837E-1	-2.821311951E-1	-1.346086025E0	1.530807037E0
2.886181217E0	5.483448505E-1	-6.126470566E-1	-1.273745060E0	1.516062324E0
2.894237738E0	2.366814613E-1	-7.274670601E-1	-8.497805595E-1	1.143395573E0
2.902294260E0	-2.723846436E-1	-4.445843697E-1	-3.732757568E-1	6.412358743E-1
2.910350783E0	-9.009637833E-1	2.766013145E-1	-1.564669609E-1	9.553669116E-1
2.918407304E0	-1.141609907E0	6.281886101E-1	-8.494348526E-1	1.555452885E0
2.926433308E0	-1.322188139E0	7.790064812E-1	-1.760693789E0	2.335610239E0
2.934489831E0	-1.117645741E0	4.695858955E-1	-2.143205643E0	2.462310570E0
2.942546353E0	-6.726870537E-1	-1.127438545E-1	-1.962167978E0	2.077335366E0
2.950602874E0	-2.370510101E-1	-9.764094353E-1	-1.634264469E0	1.918433976E0
2.958628879E0	1.175851822E-1	-1.827767372E0	-1.277513504E0	2.233069769E0
2.966685401E0	1.993780136E-1	-2.554299831E0	-5.842351913E-1	2.627837510E0
2.974741923E0	1.647276878E-1	-2.940841198E0	5.037803650E-1	2.988223020E0
2.982798444E0	1.469316483E-1	-3.031135798E0	1.360816002E0	3.325837236E0
2.990854966E0	-6.793022156E-2	-2.945747137E0	1.825355530E0	3.466116490E0
2.998911488E0	-8.224458694E-1	-2.180254936E0	1.541932583E0	2.794187697E0
3.006937492E0	-1.821877480E0	-5.253276825E-1	7.088108063E-1	2.024257761E0
3.014994014E0	-2.040843964E0	4.168314934E-1	-2.686119080E-2	2.083150043E0
3.023050537E0	-1.786468029E0	1.117129326E-1	-7.888531685E-1	1.956076972E0
3.031107058E0	-1.054651737E0	-1.140966892E0	-1.647139549E0	2.264324277E0
3.039163580E0	-3.508348465E-1	-2.102527142E0	-1.770278454E0	2.770846671E0
3.047220102E0	-6.731748581E-2	-2.537574768E0	-9.794197083E-1	2.720860216E0
3.055276623E0	-9.399366379E-2	-2.946839333E0	3.204679489E-1	2.965703385E0
3.063333146E0	-2.554264069E-1	-3.222753763E0	1.460239887E0	3.547349010E0
3.071359150E0	-4.912481308E-1	-3.338475704E0	2.280662060E0	4.072857005E0
3.079415672E0	-9.104857445E-1	-3.372176170E0	3.024898052E0	4.620667121E0
3.087472194E0	-1.301284313E0	-2.957434654E0	3.496318817E0	4.760672838E0
3.095528716E0	-1.509870529E0	-2.530925035E0	3.515771389E0	4.587585314E0
3.103585237E0	-1.441806316E0	-2.523411036E0	3.047526836E0	4.211155248E0
3.111611242E0	-1.395555019E0	-2.533819914E0	2.456710815E0	3.795160761E0
3.119667764E0	-1.208284378E0	-2.588258982E0	2.067209244E0	3.525959409E0
3.127724286E0	-8.634777069E-1	-2.869259834E0	2.012524128E0	3.609501228E0
3.135780807E0	-4.071264267E-1	-3.247271061E0	2.027529716E0	3.849856883E0
3.143837329E0	-5.205440521E-2	-3.733793736E0	2.357368469E0	4.416006275E0
3.151893852E0	8.499240875E-2	-3.959702730E0	2.793636322E0	4.846738421E0
3.159919856E0	1.314501762E-1	-3.861225367E0	3.080079556E0	4.940974656E0
3.167976377E0	-4.862785339E-3	-3.360715628E0	2.825569630E0	4.390703464E0
3.176032900E0	-1.481604576E-1	-2.861921549E0	2.277750969E0	3.660696102E0
3.184089421E0	-1.794734001E-1	-2.666166306E0	1.730278492E0	3.183475637E0
3.192145943E0	-1.445403099E-1	-2.625288010E0	1.266587257E0	2.918436622E0
3.200202465E0	5.575227737E-2	-2.715024948E0	8.907370567E-1	2.857950540E0
3.208228470E0	2.432703972E-1	-2.848881483E0	9.380440712E-1	3.009191398E0
3.216284991E0	2.601079941E-1	-3.035248041E0	1.255830765E0	3.295071737E0
3.224341513E0	4.477787018E-2	-2.945904016E0	1.370290279E0	3.249315464E0
3.232398036E0	-2.271480560E-1	-2.550421476E0	1.503567696E0	2.969336923E0
3.240454557E0	-3.631677628E-1	-2.320377827E0	1.457112789E0	2.763914210E0
3.248511079E0	-3.689250946E-1	-2.169529438E0	1.156686306E0	2.486138958E0
3.256567601E0	-2.270321846E-1	-2.066373825E0	9.334511757E-1	2.278766222E0
3.264593606E0	-9.455108643E-2	-2.135912895E0	7.479434013E-1	2.265056983E0
3.272650127E0	8.208084106E-2	-2.227629185E0	5.430297852E-1	2.294330054E0
3.280706649E0	2.154431343E-1	-2.268218040E0	3.628563881E-1	2.307139697E0
3.288763170E0	9.243917465E-2	-2.252583981E0	3.524341583E-1	2.281860957E0
3.296819693E0	5.060195923E-2	-2.264784813E0	4.274539948E-1	2.305325948E0
3.304845697E0	2.602672577E-2	-2.211227894E0	6.152496338E-1	2.295373238E0
3.312902219E0	-1.075453758E-1	-2.183888435E0	7.527823448E-1	2.312491290E0
3.320958741E0	-2.826242447E-1	-2.026491165E0	6.824049950E-1	2.156900434E0
3.328984745E0	-4.550161362E-1	-1.601229668E0	3.827142715E-1	1.708053379E0
3.337010750E0	-5.971012115E-1	-1.261278629E0	-2.392082214E-1	1.415829866E0
3.345067272E0	-6.847100258E-1	-1.130771637E0	-7.645769119E-1	1.527105160E0
3.353123794E0	-7.915992737E-1	-1.079302311E0	-1.055324554E0	1.704474348E0
3.361180315E0	-9.755911827E-1	-9.376215935E-1	-9.895792007E-1	1.676358972E0
3.369236838E0	-1.117604733E0	-8.212866783E-1	-7.209210396E-1	1.563099258E0
3.377293360E0	-1.008411407E0	-8.559136391E-1	-3.523035049E-1	1.368794902E0
3.385349881E0	-7.102394104E-1	-1.276055813E0	2.605233192E-1	1.483452344E0
3.393375886E0	-2.697515488E-1	-1.800450325E0	1.124577999E0	2.139874517E0
3.401432408E0	1.042757034E-1	-2.142523766E0	1.496793747E0	2.615659196E0
3.409488930E0	3.229389191E-1	-2.374535561E0	1.302516937E0	2.727500513E0
3.417545451E0	1.640233994E-1	-2.281273842E0	7.931189537E-1	2.420775019E0
3.425601973E0	-3.043880463E-1	-1.777437687E0	2.426238060E-1	1.819561245E0
3.433658495E0	-9.518489838E-1	-1.168368816E0	-2.964367867E-1	1.535896138E0
3.441684499E0	-1.302275181E0	-7.234735489E-1	-6.379423141E-1	1.620587862E0
3.449741021E0	-1.452856541E0	-4.999146461E-1	-7.274956703E-1	1.699987274E0
3.457797544E0	-1.312670708E0	-5.916137695E-1	-4.683179855E-1	1.514078259E0
3.465854065E0	-9.677395821E-1	-9.546074867E-1	-1.192307472E-1	1.364555357E0
3.473880070E0	-4.808750153E-1	-1.172679424E0	2.428789139E-1	1.290506869E0
3.481936592E0	-1.687870026E-1	-1.393829346E0	5.373735428E-1	1.503336164E0
3.489993114E0	-1.187734604E-1	-1.532223701E0	7.051815987E-1	1.690886659E0
3.498049635E0	-1.416740417E-1	-1.634832859E0	9.436950684E-1	1.892963389E0
3.506075640E0	-2.690482140E-1	-1.692611694E0	9.632062912E-1	1.965982617E0
3.514132162E0	-4.600176811E-1	-1.774198055E0	7.609524727E-1	1.984551252E0
3.522188684E0	-6.513710022E-1	-1.519149780E0	5.691442490E-1	1.748149139E0
3.530214689E0	-7.558455467E-1	-1.214989662E0	4.878840446E-1	1.511798006E0
3.538240693E0	-8.301930428E-1	-9.730916023E-1	3.062515259E-1	1.315263377E0
3.546297215E0	-6.519188881E-1	-8.029069901E-1	1.968770027E-1	1.052814526E0
3.554353737E0	-4.015650749E-1	-7.013888359E-1	7.386970520E-2	8.115771940E-1
3.562410259E0	-2.654500008E-1	-7.186722755E-1	-1.373877525E-1	7.783501378E-1
3.570466780E0	-2.286725044E-1	-7.769851685E-1	-2.033119202E-1	8.350645503E-1
3.578523302E0	-1.557641029E-1	-9.158606529E-1	-1.548280716E-1	9.418253145E-1
3.586549307E0	-2.280330658E-1	-9.697937965E-1	-1.521687508E-1	1.007796813E0
3.594605828E0	-3.134169579E-1	-8.355712891E-1	-1.513690948E-1	9.051641682E-1
3.602662350E0	-3.106718063E-1	-6.655263901E-1	-6.619262695E-2	7.374441070E-1
3.610718873E0	-1.932950020E-1	-6.021795273E-1	-1.672525406E-1	6.541838833E-1
3.618775394E0	-8.077383041E-2	-4.876937866E-1	-5.928997993E-1	7.719454730E-1
3.626801398E0	-1.360492706E-1	-1.407117844E-1	-1.037048817E0	1.055357503E0
3.634857921E0	-1.957573891E-1	1.412115097E-1	-1.169247150E0	1.193901397E0
3.642914443E0	-2.151589394E-1	2.513413429E-1	-1.036886692E0	1.088393243E0
3.650970964E0	-2.261290550E-1	1.421580315E-1	-7.936015129E-1	8.373449807E-1
3.658996969E0	-1.180400848E-1	-1.288981438E-1	-4.760866165E-1	5.071554589E-1
3.667053491E0	-6.524085999E-3	-3.454132080E-1	-1.225709915E-1	3.665739979E-1
3.675110013E0	1.228680611E-1	-5.047535896E-1	3.206110001E-2	5.204811820E-1
3.683166534E0	1.695728302E-1	-5.200114250E-1	-1.095066071E-1	5.578158512E-1
3.691192539E0	2.323708534E-1	-2.632598877E-1	-3.081030846E-1	4.671503962E-1
3.699249061E0	2.512712479E-1	2.329483032E-1	-4.719409943E-1	5.832070422E-1
3.707183514E0	2.305936813E-1	7.292122841E-1	-5.800023079E-1	9.598576344E-1
3.715209519E0	4.724128246E-1	7.531170845E-1	-6.907987595E-1	1.125860625E0
3.723235523E0	5.848231316E-1	6.560721397E-1	-8.181319237E-1	1.200745016E0
3.731292046E0	7.431488037E-1	4.663991928E-1	-8.056612015E-1	1.191170988E0
3.739318050E0	7.671062946E-1	5.035018921E-2	-7.768964767E-1	1.092957156E0
3.747374572E0	7.826101780E-1	-2.508845329E-1	-5.887932777E-1	1.010989250E0
3.755431094E0	9.566676617E-1	-3.580107689E-1	-5.931482315E-1	1.181189887E0
3.763487616E0	9.496970177E-1	-3.062005043E-1	-7.666010857E-1	1.258316494E0
3.771544137E0	9.135518074E-1	8.093595505E-2	-8.975644112E-1	1.283257342E0
3.779600659E0	9.401679039E-1	5.796279907E-1	-1.088619947E0	1.550799047E0
3.787626664E0	9.403538704E-1	7.364244461E-1	-1.264649868E0	1.739518800E0
3.795683186E0	9.281580448E-1	7.671709061E-1	-1.430238962E0	1.869655595E0
3.803739707E0	8.268067837E-1	7.805171013E-1	-1.341692924E0	1.758680274E0
3.811796229E0	8.899111748E-1	5.333657265E-1	-1.013784647E0	1.450579266E0
3.819852752E0	1.043618202E0	7.397556305E-2	-6.023912430E-1	1.207264074E0
3.827909273E0	1.111435652E0	-1.223254204E-1	-3.987040520E-1	1.187104729E0
3.835935277E0	1.063790798E0	-2.687692642E-2	-9.128952026E-2	1.068038861E0
3.843991800E0	9.850783348E-1	2.180299759E-1	-9.585523605E-2	1.013461702E0
3.852048321E0	7.626514435E-1	5.426530838E-1	-2.465043068E-1	9.679225004E-1
3.860104843E0	5.918831825E-1	9.529242516E-1	-5.563268661E-1	1.252154109E0
3.868161365E0	6.467442513E-1	1.279027939E0	-1.139510632E0	1.831031151E0
3.876187370E0	8.474302292E-1	1.353015900E0	-1.701974869E0	2.333561328E0
3.884243891E0	1.012459755E0	1.285687447E0	-1.892880201E0	2.502211506E0
3.892300413E0	9.080533981E-1	1.477353096E0	-1.825295210E0	2.517704460E0
3.900356935E0	7.321734428E-1	1.692891598E0	-1.638319969E0	2.466992548E0
3.908413457E0	4.512102604E-1	1.832788467E0	-1.379339933E0	2.337794456E0
3.916469979E0	2.503137589E-1	2.016472816E0	-1.125822544E0	2.322992897E0
3.924526501E0	2.155461311E-1	2.157843590E0	-9.326889515E-1	2.360647744E0
3.932583022E0	2.508733273E-1	2.230684757E0	-1.048980713E0	2.477751490E0
3.940609027E0	1.690940857E-1	2.404280186E0	-1.202744722E0	2.693650105E0
3.948665549E0	1.148126125E-1	2.648814201E0	-1.275392771E0	2.942112392E0
3.956722070E0	-2.230763435E-2	2.907899380E0	-1.043437004E0	3.089520548E0
3.964778592E0	1.133415699E-1	2.986117363E0	-1.065793991E0	3.172642439E0
3.972835115E0	3.847508430E-1	2.723076344E0	-1.339013815E0	3.058780146E0
3.980891636E0	6.163051128E-1	2.561957359E0	-1.537071228E0	3.050581168E0
3.988948158E0	7.583594322E-1	2.362091541E0	-1.605947495E0	2.955275424E0
3.996974163E0	7.589454651E-1	2.286253452E0	-1.330203772E0	2.751798528E0
4.005030685E0	9.285981655E-1	2.180398941E0	-9.174339771E-1	2.541282983E0
4.013087206E0	1.216042757E0	1.991252422E0	-5.973138809E-1	2.408449723E0
4.021143728E0	1.456266165E0	1.894240856E0	-5.839586258E-1	2.459647788E0
4.029200251E0	1.478055477E0	1.882468224E0	-4.381561279E-1	2.433169825E0
4.037226255E0	1.318121195E0	2.057540894E0	-2.921838760E-1	2.460952952E0
4.045282776E0	1.117802143E0	2.362646103E0	-3.882679939E-1	2.642409937E0
4.053339299E0	1.070383549E0	2.509405613E0	-7.986130714E-1	2.842643191E0
4.061365303E0	1.002749681E0	2.494535446E0	-8.757491112E-1	2.827569720E0
4.069421824E0	1.106911898E0	2.202525139E0	-6.876873970E-1	2.559157067E0
4.077447830E0	1.382448196E0	1.689283371E0	-4.554505348E-1	2.229860200E0
4.085473835E0	1.690428257E0	1.177816391E0	-4.293580055E-1	2.104553976E0
4.093499839E0	1.947280407E0	8.848152161E-1	-4.875149727E-1	2.193734213E0
4.101495326E0	2.010291100E0	7.548789978E-1	-6.455354691E-1	2.242282018E0
4.109521331E0	1.791568637E0	9.419665337E-1	-7.605276108E-1	2.162272272E0
4.117577853E0	1.466819406E0	1.410127640E0	-7.504153252E-1	2.168672933E0
4.125634374E0	1.098270416E0	1.808974743E0	-6.849584579E-1	2.224355101E0
4.133660379E0	9.636485577E-1	1.900124550E0	-7.113380432E-1	2.246128594E0
4.141716901E0	9.715983868E-1	1.760445118E0	-7.792038918E-1	2.156462182E0
4.149773423E0	1.053178549E0	1.565887928E0	-7.703981400E-1	2.038308944E0
4.157829945E0	1.105956078E0	1.434945583E0	-7.151441574E-1	1.947726582E0
4.165825433E0	1.062037706E0	1.356625557E0	-7.024860382E-1	1.860603027E0
4.173881954E0	1.010823250E0	1.398042202E0	-6.792492867E-1	1.854094182E0
4.181907959E0	9.827952385E-1	1.325529099E0	-7.310972214E-1	1.804831576E0
4.189964481E0	1.002362490E0	1.160462379E0	-7.997407913E-1	1.729447550E0
4.198021003E0	8.995761871E-1	1.074665070E0	-7.151122093E-1	1.573381009E0
4.206016490E0	7.587249279E-1	1.285296917E0	-5.018997192E-1	1.574660284E0
4.214073012E0	5.811913013E-1	1.516424179E0	-6.171598434E-1	1.737300173E0
4.222068499E0	4.875531197E-1	1.670163155E0	-8.779869080E-1	1.948849409E0
4.230125022E0	3.880534172E-1	1.851772308E0	-9.942889214E-1	2.137348029E0
4.238181544E0	3.244163990E-1	1.869086742E0	-8.811540604E-1	2.091689205E0
4.246207548E0	3.624870777E-1	1.766886711E0	-8.255653381E-1	1.983644035E0
4.254264070E0	4.008131027E-1	1.637765408E0	-8.077092171E-1	1.869577720E0
4.262290074E0	4.026162624E-1	1.614087582E0	-6.049532890E-1	1.770126283E0
4.270316079E0	4.497666359E-1	1.608382702E0	-3.873405457E-1	1.714414664E0
4.278372601E0	5.013954639E-1	1.539447308E0	-3.886108398E-1	1.665026669E0
4.286429123E0	6.783022881E-1	1.390965939E0	-5.946545601E-1	1.657858342E0
4.294455128E0	7.451221943E-1	1.259912491E0	-5.992674828E-1	1.581678882E0
4.302511649E0	7.392544746E-1	1.287261486E0	-4.717717171E-1	1.557596824E0
4.310568171E0	7.174489498E-1	1.336990356E0	-3.857002258E-1	1.565580044E0
4.318594176E0	7.969229221E-1	1.319152832E0	-5.497260094E-1	1.636291240E0
4.326589663E0	6.109261513E-1	1.526127815E0	-8.313741684E-1	1.842140027E0
4.334585151E0	4.149353504E-1	1.936718941E0	-8.698163033E-1	2.163245710E0
4.342580638E0	3.497982025E-1	2.101898193E0	-7.570371628E-1	2.261291680E0
4.350606643E0	5.087528229E-1	1.986295700E0	-6.354565620E-1	2.146626443E0
4.358663165E0	8.277480602E-1	1.630842209E0	-4.598412514E-1	1.885806760E0
4.366719687E0	1.047903776E0	1.368195534E0	-1.137475967E-1	1.727136317E0
4.374745692E0	1.296234608E0	1.192195415E0	1.139068604E-2	1.761159792E0
4.382802213E0	1.413355947E0	1.224728107E0	-9.275913239E-3	1.870192507E0
4.390858735E0	1.336261988E0	1.495877743E0	-1.982803345E-1	2.015579671E0
4.398915257E0	1.005198956E0	2.053030968E0	-5.879602432E-1	2.360308951E0
4.406971779E0	6.299860477E-1	2.615406513E0	-1.051687241E0	2.888473594E0
4.415028301E0	4.145905972E-1	2.947269917E0	-1.369752884E0	3.276355946E0
4.423084822E0	3.607225418E-1	2.988617420E0	-1.601374388E0	3.409744091E0
4.431110827E0	4.481379986E-1	2.881147385E0	-1.763111591E0	3.407403763E0
4.439167349E0	6.567831039E-1	2.735750198E0	-1.641988516E0	3.257578776E0
4.447193354E0	8.064877987E-1	2.501247883E0	-1.345617771E0	2.952515999E0
4.455249876E0	9.499766827E-1	2.355678082E0	-9.563512802E-1	2.714089662E0
4.463306397E0	1.048846483E0	2.229370594E0	-7.825527191E-1	2.585064980E0
4.471362919E0	1.210623741E0	2.131224155E0	-7.994399071E-1	2.578144761E0
4.479419441E0	1.238922596E0	2.156208992E0	-9.087028503E-1	2.647622950E0
4.487445446E0	1.191783905E0	2.183556080E0	-8.749279976E-1	2.636999247E0
4.495501967E0	9.643988609E-1	2.426130772E0	-1.032756329E0	2.807625566E0
4.503558489E0	8.201560974E-1	2.757466316E0	-1.276575089E0	3.147367228E0
4.511615012E0	5.394098759E-1	3.145833015E0	-1.740753889E0	3.635581450E0
4.519671533E0	4.810559750E-1	3.404445171E0	-2.398265362E0	4.192056598E0
4.527728055E0	3.847167492E-1	3.507793903E0	-2.665514708E0	4.422396828E0
4.535784576E0	6.128227711E-1	3.366242409E0	-2.556992531E0	4.271457656E0
4.543810581E0	9.067740440E-1	2.924614906E0	-2.172849894E0	3.754582291E0
4.551836585E0	1.201552391E0	2.290535927E0	-1.521019459E0	3.000630463E0
4.559893108E0	1.491311312E0	1.839550972E0	-9.473571777E-1	2.550576960E0
4.567949630E0	1.489607811E0	1.587171555E0	-7.418632507E-1	2.299653465E0
4.576006151E0	1.169188738E0	1.827509403E0	-9.317469597E-1	2.361132212E0
4.584062673E0	9.443666935E-1	2.173056602E0	-1.495047569E0	2.801637143E0
4.592088678E0	6.582889557E-1	2.268975258E0	-2.174014091E0	3.210596571E0
4.600145200E0	4.854938984E-1	2.420095921E0	-2.296891928E0	3.371688170E0
4.608201721E0	3.228282928E-1	2.487067699E0	-2.126301765E0	3.287990731E0
4.616258243E0	2.073965073E-1	2.565369606E0	-1.966554403E0	3.239053990E0
4.624314766E0	3.220472336E-1	2.111681461E0	-1.901688576E0	2.859953226E0
4.632371287E0	4.431405067E-1	1.632315159E0	-1.862047672E0	2.515561134E0
4.640427809E0	5.148222446E-1	1.325007915E0	-1.673930645E0	2.196071885E0
4.648484330E0	3.396253586E-1	9.998302460E-1	-1.414818764E0	1.765422907E0
4.656510335E0	-6.037712097E-2	8.875994682E-1	-9.752125740E-1	1.320044612E0
4.664566857E0	-4.819207191E-1	6.293339729E-1	-2.972164154E-1	8.465497189E-1
4.672623379E0	-2.781982422E-1	6.190061569E-2	-2.907481194E-1	4.071368530E-1
4.680679901E0	-4.063224792E-2	-4.204654694E-1	-1.403391361E0	1.465588449E0
4.688736423E0	-3.828964233E-1	-1.675324440E-1	-2.443056583E0	2.478548418E0
4.696792945E0	-8.242917061E-1	1.292505264E-1	-2.573658228E0	2.705527525E0
4.704818950E0	-9.160528183E-1	-1.965136528E-1	-2.139668226E0	2.335797615E0
4.712875471E0	-9.294176102E-1	-6.078395844E-1	-1.661371708E0	1.998359829E0
4.720931993E0	-8.715610504E-1	-1.129247665E0	-1.171637535E0	1.845955977E0
4.728988514E0	-1.129355431E0	-1.598226547E0	-6.157736778E-1	2.051572326E0
4.737045036E0	-1.571585655E0	-1.546564102E0	2.588124275E-1	2.220073392E0
4.745101559E0	-1.744356632E0	-1.640577793E0	1.239783764E0	2.696542107E0
4.753127563E0	-1.579251289E0	-2.192399502E0	1.506584167E0	3.093613755E0
4.761153568E0	-8.863062859E-1	-3.370040655E0	9.236311913E-1	3.604969823E0
4.769210089E0	-2.382173538E-1	-4.332807541E0	-3.319849968E-1	4.352032023E0
4.777266611E0	-3.302216530E-1	-4.693325520E0	-7.573328018E-1	4.765490924E0
4.785323133E0	-1.174966335E0	-4.220322609E0	3.840270042E-1	4.397629538E0
4.793349138E0	-1.905850410E0	-3.341614008E0	1.602950573E0	4.167505309E0
4.801405659E0	-2.063576221E0	-3.023200035E0	2.665978909E0	4.528303083E0
4.809462181E0	-1.651685238E0	-3.624869108E0	3.121177197E0	5.060581712E0
4.817518704E0	-1.168323040E0	-4.152343750E0	2.810002327E0	5.148111345E0
4.825575225E0	-7.620286942E-1	-4.621925354E0	3.019492626E0	5.573169424E0
4.833631747E0	-3.660750389E-1	-4.980429649E0	3.652288437E0	6.186913710E0
4.841688269E0	-4.381608963E-2	-5.228479385E0	3.823681831E0	6.477612159E0
4.849714274E0	1.127347946E-1	-5.432945728E0	3.203599453E0	6.308142189E0
4.857770795E0	1.837110519E-1	-5.065268040E0	2.437202454E0	5.624112896E0
4.865827317E0	2.489933968E-1	-4.812503338E0	2.256098747E0	5.320917933E0
4.873883838E0	4.911708832E-2	-4.689189434E0	2.868445396E0	5.497171002E0
4.881940361E0	-1.034212112E-1	-4.488316059E0	3.515348911E0	5.702048313E0
4.889996883E0	4.789495468E-2	-4.705982208E0	3.974500656E0	6.159968988E0
4.898022887E0	1.917724609E-1	-5.081291676E0	4.067267418E0	6.511448842E0
4.906079409E0	1.180424690E-1	-5.143264771E0	3.949784279E0	6.485977365E0
4.914135931E0	-1.579632759E-1	-4.841547012E0	3.911356449E0	6.226093409E0
4.922192453E0	-3.781824112E-1	-4.421267509E0	3.897021770E0	5.905709695E0
4.930248974E0	-6.684546471E-1	-3.968110561E0	3.793531418E0	5.530245353E0
4.938274979E0	-7.801756859E-1	-3.356496096E0	3.365384102E0	4.816694955E0
4.946331501E0	-7.479920387E-1	-3.013913631E0	2.848891735E0	4.214184570E0
4.954388023E0	-7.652797699E-1	-2.972142220E0	2.453956127E0	3.929527093E0
4.962444544E0	-7.846918106E-1	-2.938015699E0	2.189471722E0	3.747194138E0
4.970501067E0	-7.814435959E-1	-2.903083086E0	1.913717270E0	3.563826495E0
4.978527071E0	-7.462835312E-1	-2.804162264E0	1.659244537E0	3.342657258E0
4.986583593E0	-6.759443283E-1	-2.633946419E0	1.492691040E0	3.102047874E0
4.994640115E0	-6.722459793E-1	-2.259783268E0	1.152408600E0	2.624229536E0
5.002696637E0	-6.903357506E-1	-1.933218718E0	6.311874390E-1	2.147625582E0
5.010753158E0	-6.915097237E-1	-1.786190033E0	2.407412529E-1	1.930444737E0
5.018809680E0	-8.665456772E-1	-1.594175339E0	-9.527063370E-2	1.816968056E0
5.026866202E0	-1.005064011E0	-1.279414177E0	-3.072781563E-1	1.655739764E0
5.034892207E0	-1.172759056E0	-9.196004868E-1	-3.650145531E-1	1.534361262E0
5.042948728E0	-1.200023651E0	-6.768617630E-1	-4.444475174E-1	1.447664397E0
5.051005251E0	-1.090080261E0	-4.752616882E-1	-5.291976929E-1	1.301613939E0
5.059061772E0	-9.423604012E-1	-4.398775101E-1	-4.376287460E-1	1.128297066E0
5.067118294E0	-7.107138634E-1	-7.060785294E-1	-1.681518555E-1	1.015842572E0
5.075144299E0	-2.851600647E-1	-1.120163441E0	2.092843056E-1	1.174683922E0
5.083200821E0	1.165995598E-1	-1.542402267E0	5.025157928E-1	1.626383206E0
5.091257342E0	3.080024719E-1	-1.777428627E0	7.695884705E-1	1.961220146E0
5.099283347E0	2.045602798E-1	-1.773680210E0	8.235135078E-1	1.966204693E0
5.107339869E0	-1.412253380E-1	-1.495913982E0	8.316316605E-1	1.717356823E0
5.115396391E0	-4.835987091E-1	-1.339175701E0	1.144965649E0	1.827075698E0
5.123452912E0	-5.546574593E-1	-1.400713444E0	1.534678936E0	2.150553995E0
5.131509434E0	-4.055070877E-1	-1.377275944E0	1.551981449E0	2.114230697E0
5.139535439E0	-3.205723763E-1	-1.310536385E0	1.155996323E0	1.776682234E0
5.147591961E0	-3.681416512E-1	-9.877233505E-1	6.987404823E-1	1.264659620E0
5.155617966E0	-3.283309937E-1	-7.025966644E-1	3.639717102E-1	8.566905626E-1
5.163674487E0	-1.930880547E-1	-5.060472488E-1	3.551864624E-2	5.427968212E-1
5.171731009E0	-7.804393768E-2	-5.328001976E-1	-2.786655426E-1	6.063178963E-1
5.179787531E0	1.017432213E-1	-6.520142555E-1	-7.288670540E-1	9.832199423E-1
5.187844053E0	1.612133980E-1	-8.288784027E-1	-7.818255424E-1	1.150773803E0
5.195870057E0	1.886892319E-1	-1.135611057E0	-5.783329010E-1	1.288287640E0
5.203926579E0	1.597843170E-1	-1.339428902E0	-2.426943779E-1	1.370584318E0
5.211952584E0	3.874778748E-3	-1.517254829E0	4.433193207E-1	1.580698976E0
5.220009106E0	8.671283722E-2	-1.633145809E0	1.008034706E0	1.921150259E0
5.228004593E0	3.103623390E-1	-1.525753021E0	9.194645882E-1	1.808220726E0
5.236061116E0	3.745498657E-1	-1.246468544E0	3.735632896E-1	1.354075686E0
5.244117637E0	1.485261917E-1	-9.196591377E-1	9.825086594E-2	9.367423295E-1
5.252143641E0	6.867599487E-2	-6.365280151E-1	1.636242867E-1	6.608004339E-1
5.260200164E0	1.021184921E-1	-8.381409645E-1	1.538438797E-1	8.582402939E-1
5.268256686E0	1.378712654E-1	-1.027580738E0	4.710531235E-2	1.037858164E0
5.276313207E0	1.115612984E-1	-8.865275383E-1	-1.373462677E-1	9.040138255E-1
5.284369729E0	7.279396057E-2	-7.500290871E-1	-4.278459549E-1	8.665418358E-1
5.292426250E0	1.084971428E-1	-4.521059990E-1	-6.534366608E-1	8.019669157E-1
5.300452255E0	1.391134262E-1	-5.135011673E-2	-1.004920483E0	1.015802420E0
5.308508777E0	2.103986740E-1	1.996769905E-1	-1.244042397E0	1.277411440E0
5.316565299E0	5.193376541E-1	1.541748047E-1	-1.290632725E0	1.399719365E0
5.324621821E0	7.575871944E-1	-6.735277176E-2	-1.330275536E0	1.532353665E0
5.332678343E0	7.160646915E-1	-2.033543587E-1	-7.813463211E-1	1.079168064E0
5.340704347E0	4.678778648E-1	-5.993366241E-2	-2.056531906E-1	5.145823307E-1
5.348760870E0	3.451347351E-1	5.491685867E-2	1.159582138E-1	3.682121048E-1
5.356817391E0	2.005701065E-1	-1.311645508E-1	1.366195679E-1	2.758575961E-1
5.364812879E0	1.784176826E-1	-1.802544594E-1	2.065086365E-2	2.544621736E-1
5.372838884E0	6.945466995E-2	2.183914185E-2	-1.695022583E-1	1.844774102E-1
5.380895405E0	-1.060452461E-1	3.291907310E-1	-3.175778389E-1	4.695400040E-1
5.388951927E0	-2.935647964E-2	6.923017502E-1	-3.613123894E-1	7.814666717E-1
5.397008449E0	2.184839249E-1	8.672070503E-1	-5.108022690E-1	1.029904001E0
5.405064970E0	5.662746429E-1	7.828106880E-1	-8.070473671E-1	1.258882440E0
5.413121493E0	9.039282799E-1	6.440362930E-1	-9.893922806E-1	1.486864542E0
5.421147497E0	1.002362251E0	5.663685799E-1	-9.778218269E-1	1.510509509E0
5.429204019E0	9.777798653E-1	4.502964020E-1	-8.801727295E-1	1.390512261E0
5.437260541E0	8.479161263E-1	3.887372017E-1	-6.353855133E-1	1.128624437E0
5.445317063E0	7.513229847E-1	2.280139923E-1	-1.993937492E-1	8.100830052E-1
5.453373584E0	8.387181759E-1	8.934164047E-2	1.325020790E-1	8.538073016E-1
5.461399589E0	8.478925228E-1	-1.580762863E-2	1.253614426E-1	8.572555644E-1
5.469456111E0	7.088286877E-1	9.264564514E-2	-3.275823593E-2	7.156077320E-1
5.477482116E0	6.596629620E-1	4.508399963E-1	-3.737936020E-1	8.821188030E-1
5.485538638E0	4.716482162E-1	9.804677963E-1	-7.966485023E-1	1.348487292E0
5.493595159E0	1.368312836E-1	1.523040771E0	-1.031538963E0	1.844572749E0
5.501621164E0	-1.008224487E-2	1.831369877E0	-9.774589539E-1	2.075919865E0
5.509677686E0	-8.235120773E-2	1.819187641E0	-7.573442459E-1	1.972256500E0
5.517703690E0	1.979193687E-1	1.527742863E0	-6.227903366E-1	1.661637185E0
5.525760213E0	5.917387009E-1	1.055579185E0	-4.565262794E-1	1.293374791E0
5.533816734E0	9.696769714E-1	5.519161224E-1	-5.207114220E-1	1.231269759E0
5.541873256E0	1.014790058E0	5.348310471E-1	-6.431741714E-1	1.315110690E0
5.549929778E0	7.886474133E-1	1.075226307E0	-7.572841644E-1	1.533478288E0
5.557955783E0	5.016450882E-1	1.763075829E0	-7.165708542E-1	1.968135656E0
5.565981787E0	2.003288269E-1	2.305019379E0	-7.908744812E-1	2.445143844E0
5.574007792E0	9.673976898E-2	2.508606434E0	-1.049055576E0	2.720842227E0
5.582003279E0	2.131557465E-2	2.598175526E0	-1.480364799E0	2.990393010E0
5.590029284E0	-1.031022072E-1	2.611777306E0	-1.935509682E0	3.252415792E0
5.598085806E0	-3.206567764E-1	2.660757065E0	-1.921566010E0	3.297705999E0
5.606081293E0	-2.889614105E-1	2.644599438E0	-1.536676884E0	3.072259873E0
5.614046264E0	-1.088037491E-1	2.515857220E0	-1.182343483E0	2.781961883E0
5.622041752E0	1.790556908E-1	2.291702747E0	-9.666781425E-1	2.493677817E0
5.630006722E0	3.877186775E-1	2.156360626E0	-1.006944656E0	2.411255786E0
5.637971693E0	3.294005394E-1	2.135584354E0	-9.355382919E-1	2.354667099E0
5.645997697E0	3.127994537E-1	2.287361145E0	-6.598100662E-1	2.401085969E0
5.654054219E0	4.076943398E-1	2.228228569E0	-5.227384567E-1	2.324752186E0
5.662080223E0	3.009090424E-1	2.236023903E0	-5.906853676E-1	2.332221763E0
5.670075711E0	3.888537884E-1	2.244831562E0	-9.729790688E-1	2.477330071E0
5.678101716E0	4.876372814E-1	2.215004921E0	-1.277803898E0	2.603232552E0
5.686127721E0	7.733535767E-1	2.050290585E0	-1.439356804E0	2.621738973E0
5.694184242E0	1.111583710E0	1.641393661E0	-1.555298805E0	2.519671778E0
5.702240764E0	1.315875769E0	1.370178699E0	-1.653876781E0	2.518774924E0
5.710297286E0	1.345511675E0	1.610152721E0	-1.477776051E0	2.566479205E0
5.718323291E0	1.374271870E0	1.749800682E0	-1.378546238E0	2.617406222E0
5.726379812E0	1.319568872E0	1.777660847E0	-1.403978825E0	2.621544704E0
5.734436334E0	1.338943720E0	1.910247326E0	-1.287582397E0	2.664523140E0
5.742492857E0	1.446702242E0	1.687721729E0	-1.109878063E0	2.484588764E0
5.750518861E0	1.459662676E0	1.463133812E0	-1.150610924E0	2.365434670E0
5.758575382E0	1.358345747E0	1.511051655E0	-1.081435680E0	2.301713145E0
5.766631905E0	1.303217411E0	1.457704544E0	-9.163770676E-1	2.159403873E0
5.774657909E0	9.989626408E-1	1.676282883E0	-7.378616333E-1	2.086214383E0
5.782714431E0	8.269450665E-1	2.091599941E0	-7.757210732E-1	2.379153555E0
5.790770953E0	6.256973743E-1	2.244811058E0	-9.210906029E-1	2.505809608E0
5.798827475E0	6.019551754E-1	2.218081474E0	-8.359289169E-1	2.445610888E0
5.806883996E0	7.482419014E-1	1.855435371E0	-6.898784637E-1	2.116232184E0
5.814940518E0	8.515613079E-1	1.542598724E0	-4.430074692E-1	1.816871791E0
5.822966523E0	9.915170670E-1	1.390555859E0	-1.558194160E-1	1.714943550E0
5.831023045E0	1.017668962E0	1.229419708E0	9.997272491E-2	1.599098959E0
5.839079566E0	1.111867189E0	1.101265430E0	1.722769737E-1	1.574393074E0
5.847136088E0	1.090281248E0	1.120854855E0	7.118654251E-2	1.565278355E0
5.855162093E0	9.079935551E-1	1.496989250E0	-1.085567474E-1	1.754198871E0
5.863218615E0	6.782965660E-1	2.023093700E0	-3.624286652E-1	2.164335669E0
5.871275136E0	4.597938061E-1	2.341512203E0	-6.973052025E-1	2.486025802E0
5.879331659E0	3.973164558E-1	2.423615456E0	-9.919614792E-1	2.648727962E0
5.887388181E0	4.219052792E-1	2.320156574E0	-1.067071915E0	2.588391984E0
5.895414185E0	4.136838913E-1	2.211096287E0	-8.618030548E-1	2.408897187E0
5.903470707E0	3.634200096E-1	2.110534668E0	-4.929094315E-1	2.197587403E0
5.911527229E0	3.781120777E-1	1.957814693E0	-5.399703979E-3	1.994000069E0
5.919583750E0	4.628582001E-1	1.713147640E0	4.766011238E-1	1.837460525E0
5.927640272E0	5.688321590E-1	1.495248795E0	9.176845551E-1	1.844311233E0
5.935666277E0	6.310837269E-1	1.370109081E0	1.045870781E0	1.835568374E0
5.943722799E0	6.547532082E-1	1.357273579E0	7.675290108E-1	1.691151712E0
5.951779320E0	5.534887314E-1	1.567467690E0	2.877655029E-1	1.687042892E0
5.959835843E0	2.666275501E-1	1.995405197E0	4.121780396E-2	2.013561784E0
5.967892365E0	2.084283829E-1	2.375641823E0	-3.857917786E-1	2.415771462E0
5.975918369E0	2.297081947E-1	2.461366177E0	-6.846790314E-1	2.565126641E0
5.983974891E0	3.171057701E-1	2.375838757E0	-6.142711639E-1	2.474367582E0
5.992031413E0	5.061597824E-1	2.161466599E0	-4.900765419E-1	2.273391871E0
6.000087935E0	7.118241787E-1	1.901227474E0	-4.469008446E-1	2.078720745E0
6.008113940E0	9.285075665E-1	1.645425320E0	-2.969627380E-1	1.912521281E0
6.016170461E0	1.046854496E0	1.470272064E0	-1.733646393E-1	1.813190441E0
6.024226983E0	1.068507195E0	1.451915741E0	-6.009721756E-2	1.803712455E0
6.032283504E0	9.513275623E-1	1.634857655E0	-1.485519409E-1	1.897327426E0
6.040340026E0	7.740540504E-1	1.967988491E0	-3.544034958E-1	2.144234178E0
6.048396549E0	5.848350525E-1	2.293241978E0	-6.840829849E-1	2.463525997E0
6.056422553E0	4.772713184E-1	2.572907448E0	-9.960966110E-1	2.799973054E0
6.064479074E0	4.276750088E-1	2.692460060E0	-1.115952969E0	2.945776318E0
6.072535597E0	5.015327930E-1	2.674639225E0	-1.027373314E0	2.908732723E0
6.080592119E0	6.372983456E-1	2.457876682E0	-9.123353958E-1	2.698085032E0
6.088648640E0	7.739381790E-1	2.258759022E0	-7.118153572E-1	2.491516351E0
6.096705162E0	9.476256371E-1	2.055442810E0	-4.731516838E-1	2.312295831E0
6.104731167E0	1.027551413E0	1.889344692E0	-2.179889679E-1	2.161713316E0
6.112787689E0	9.980921745E-1	1.701179028E0	3.545427322E-2	1.972677135E0
6.120844210E0	8.651838303E-1	1.734018803E0	2.346873283E-1	1.952035453E0
6.128900732E0	5.714526176E-1	2.110736370E0	1.545281410E-1	2.192178155E0
6.136926737E0	3.413753510E-1	2.585239410E0	-1.910719872E-1	2.614671766E0
6.144983258E0	2.327966690E-1	2.841197491E0	-4.897298813E-1	2.892478665E0
6.153039780E0	2.070341110E-1	3.088952541E0	-8.497390747E-1	3.210381196E0
6.161096303E0	3.233876228E-1	3.074261189E0	-8.957262039E-1	3.218382644E0
6.169152824E0	5.938596725E-1	2.767013550E0	-5.812463760E-1	2.889096856E0
6.177209346E0	7.372994423E-1	2.378445148E0	-3.067970276E-2	2.490291757E0
6.185235351E0	8.861815929E-1	2.162734985E0	2.680039406E-1	2.352565949E0
6.193291873E0	1.004337072E0	2.012872219E0	3.096618652E-1	2.270735122E0
6.201348394E0	1.077820063E0	1.893790722E0	1.539382935E-1	2.184453338E0
6.209404916E0	1.005349874E0	2.273062229E0	-5.402140617E-1	2.543495921E0
6.217461438E0	5.268731117E-1	3.225660801E0	-2.028873205E0	3.846922063E0
6.225517960E0	-8.343362808E-2	4.443229198E0	-3.466214180E0	5.635946027E0
6.233543964E0	-2.929196358E-1	4.939033508E0	-4.131749153E0	6.446022415E0
6.241600486E0	8.687400818E-2	4.451742172E0	-3.690393209E0	5.783126966E0
6.249657008E0	8.383140564E-1	2.922856808E0	-2.383204460E0	3.863356814E0
6.257713530E0	1.616880655E0	1.574460030E0	-1.096106052E0	2.508919273E0
6.265770052E0	2.340156078E0	4.675450325E-1	-3.969669342E-1	2.419196473E0
6.273826573E0	2.641224623E0	-3.448824883E-1	-8.416652679E-3	2.663659565E0
6.281852578E0	2.389349461E0	-7.766470909E-1	7.824673653E-1	2.631430548E0
6.289909100E0	7.738394737E-1	4.131889343E-1	9.129958153E-1	1.266141376E0
6.297965622E0	-2.205071449E-1	2.230646610E0	-1.108665466E0	2.500709263E0
6.306022143E0	-6.753602028E-1	2.106676102E0	-3.188915491E0	3.881156736E0
6.314078666E0	-1.903281212E-1	1.615463257E0	-4.557814598E0	4.839382217E0
6.322135188E0	6.850309372E-1	6.460876465E-1	-5.665733337E0	5.743451130E0
6.330191709E0	1.076883793E0	-5.816216469E-1	-5.241067886E0	5.382077204E0
6.338217714E0	1.275176287E0	-1.414160728E0	-3.396933317E0	3.894236907E0
6.346274236E0	9.801449776E-1	-1.952723980E0	-1.692059994E0	2.763490934E0
6.354330757E0	3.376955986E-1	-1.988587856E0	-9.134821892E-1	2.214265045E0
6.362387279E0	-1.066101074E0	-1.195323944E0	-5.781450272E-1	1.702827796E0
6.370443801E0	-2.418031216E0	-6.457028389E-1	-1.797719002E-1	2.509208053E0
6.378469806E0	-2.851085186E0	-8.769979477E-1	-4.266624451E-1	3.013279439E0
6.386526327E0	-2.475246906E0	-2.134954453E0	-1.412847042E0	3.561041214E0
6.394582850E0	-1.793389797E0	-3.656760216E0	-2.376617670E0	4.715554452E0
6.402639372E0	-1.237726212E0	-4.508480549E0	-2.243595123E0	5.185757622E0
6.410695893E0	-1.084692478E0	-4.935012817E0	-7.688217163E-1	5.110968217E0
6.418752415E0	-1.100806713E0	-5.159340382E0	5.749578476E-1	5.306707559E0
6.426778420E0	-1.458529472E0	-5.267997265E0	1.549550533E0	5.681567588E0
6.434834942E0	-1.833312988E0	-5.078376770E0	2.498877048E0	5.949397754E0
6.442891463E0	-2.304581165E0	-4.662928581E0	3.238453388E0	6.127118217E0
6.450947985E0	-2.416541100E0	-4.507379532E0	3.322530746E0	6.098799201E0
6.459004507E0	-2.118976593E0	-4.922567844E0	3.299567699E0	6.293558849E0
6.467061029E0	-1.792742252E0	-5.627802849E0	3.853536129E0	7.052363461E0
6.475087033E0	-1.470369816E0	-5.954730034E0	4.785516739E0	7.779586598E0
6.483143556E0	-1.182583809E0	-6.050842285E0	5.231532097E0	8.085797728E0
6.491200077E0	-9.189400673E-1	-6.365844727E0	5.126895428E0	8.225173959E0
6.499256599E0	-7.032852173E-1	-6.505863190E0	4.484566689E0	7.932982057E0
6.507313121E0	-7.752342224E-1	-6.139414310E0	4.125143528E0	7.437083118E0
6.515369642E0	-8.595266342E-1	-5.588992119E0	4.555988312E0	7.261724894E0
6.523426165E0	-7.395148277E-1	-5.416620255E0	4.968318939E0	7.387208556E0
6.531452169E0	-5.113453865E-1	-5.541940212E0	4.907835007E0	7.420338259E0
6.539508690E0	-2.594914436E-1	-5.533994675E0	4.417196274E0	7.085482044E0
6.547534696E0	-9.237575531E-2	-5.335585594E0	3.766665936E0	6.531828165E0
6.555591217E0	2.803277969E-2	-5.035850525E0	2.946300983E0	5.834489338E0
6.563647739E0	2.211380005E-2	-4.880496502E0	2.621682644E0	5.540122292E0
6.571673744E0	-8.832406998E-2	-4.756802082E0	2.691584110E0	5.466222847E0
6.579699749E0	-2.522387505E-1	-4.514729500E0	2.683689117E0	5.258193047E0
6.587695236E0	-3.806743622E-1	-4.028245449E0	2.108745098E0	4.562727283E0
6.595690724E0	-4.585113525E-1	-3.485240936E0	1.379341125E0	3.776204309E0
6.603686211E0	-4.295992851E-1	-3.059007645E0	6.397557259E-1	3.154579323E0
6.611681699E0	-5.297865868E-1	-2.697625399E0	-1.963210106E-1	2.756156483E0
6.619677186E0	-7.986111641E-1	-2.205024004E0	-5.395488739E-1	2.406454578E0
6.627733708E0	-1.067591190E0	-1.643549442E0	-6.013817787E-1	2.050040430E0
6.635759713E0	-1.134103298E0	-1.444365978E0	-6.231622696E-1	1.939256194E0
6.643755200E0	-1.110315800E0	-1.421647072E0	-5.861520767E-1	1.896696030E0
6.651750688E0	-1.105506897E0	-1.479843616E0	-3.228363991E-1	1.875181583E0
6.659776693E0	-1.187293053E0	-1.298213005E0	7.681465149E-2	1.760943579E0
6.667741663E0	-1.114679337E0	-1.134012699E0	3.626122475E-1	1.630945268E0
6.675737151E0	-8.980054855E-1	-1.341939449E0	7.550745010E-1	1.782513069E0
6.683763155E0	-6.255130768E-1	-1.729562283E0	1.121630669E0	2.154230177E0
6.691789160E0	-4.667954445E-1	-1.848843336E0	1.195618629E0	2.250694021E0
6.699845682E0	-5.739808083E-1	-1.545781136E0	9.283843040E-1	1.892297731E0
6.707871687E0	-5.977201462E-1	-1.172075272E0	5.532627106E-1	1.427280436E0
6.715928209E0	-5.259552002E-1	-8.976621628E-1	6.789302826E-2	1.042610039E0
6.723954213E0	-5.908207893E-1	-8.029770851E-1	-2.196030617E-1	1.020816785E0
6.731980218E0	-7.445425987E-1	-5.391993523E-1	-2.050852776E-1	9.418808809E-1
6.739975705E0	-8.230495453E-1	-2.305407524E-1	-6.922435760E-2	8.575264452E-1
6.748001710E0	-6.467051506E-1	-2.100739479E-1	8.084630966E-2	6.847588927E-1
6.756058232E0	-1.933274269E-1	-6.890683174E-1	2.874293327E-1	7.712368387E-1
6.764084237E0	3.025364876E-1	-1.207502842E0	5.686702728E-1	1.368567616E0
6.772140759E0	5.218739510E-1	-1.254769325E0	8.363633156E-1	1.595713657E0
6.780197280E0	3.814172745E-1	-1.141636372E0	1.215418816E0	1.710571729E0
6.788223285E0	3.427624702E-1	-1.059102058E0	1.503174782E0	1.870485954E0
6.796218773E0	5.521030426E-1	-1.086702824E0	1.474256992E0	1.912896881E0
6.804244777E0	8.383526802E-1	-1.134286880E0	9.465365410E-1	1.698638681E0
6.812270782E0	7.275691032E-1	-9.658794403E-1	3.892517090E-1	1.270353016E0
6.820327303E0	3.735213280E-1	-5.171518326E-1	5.983638763E-2	6.407375388E-1
6.828383826E0	7.097911835E-2	-8.909654617E-2	-3.436040878E-2	1.189826352E-1
6.836409830E0	-1.745958328E-1	1.147403717E-1	-1.698637009E-2	2.096129636E-1
6.844466352E0	-2.442502975E-1	9.206581116E-2	1.530790329E-2	2.614740013E-1
6.852522874E0	-1.875329018E-1	-4.607200623E-2	1.147422791E-1	2.246263778E-1
6.860579396E0	-1.443924904E-1	-1.900410652E-1	1.152653694E-1	2.650488693E-1
6.868635918E0	-1.203465462E-1	-1.734156609E-1	1.589179039E-1	2.642180592E-1
6.876692439E0	-2.490687370E-1	-8.974790573E-2	3.909416199E-1	4.721496294E-1
6.884748961E0	-2.595281601E-1	7.586479187E-2	8.258848190E-1	8.690201763E-1
6.892774966E0	-7.507658005E-2	1.008052826E-1	8.871951103E-1	8.960543296E-1
6.900831487E0	3.697466850E-1	-1.338982582E-1	6.438035965E-1	7.544033573E-1
6.908888009E0	7.938270569E-1	-5.264711380E-1	2.706427574E-1	9.902427771E-1
6.916852980E0	9.126150608E-1	-4.498538971E-1	-3.213782310E-1	1.067013939E0
6.924878985E0	5.727572441E-1	2.649879456E-1	-8.021187782E-1	1.020619423E0
6.932935507E0	2.486400604E-1	8.616962433E-1	-1.180575371E0	1.482599238E0
6.940961511E0	2.826132774E-1	7.657628059E-1	-1.408327579E0	1.627774404E0
6.948926482E0	2.526950836E-1	6.476387978E-1	-1.337429047E0	1.507317907E0
6.956921969E0	1.253623962E-1	6.974334717E-1	-1.057438850E0	1.272912448E0
6.964978491E0	-1.056351662E-1	7.868967056E-1	-8.505673409E-1	1.163542013E0
6.973035012E0	-5.401611328E-2	5.677342415E-1	-6.664905548E-1	8.771827456E-1
6.981091535E0	9.241485596E-2	2.922577858E-1	-3.920278549E-1	4.976353665E-1
6.989087022E0	2.671446800E-1	1.695041656E-1	-1.735816002E-1	3.608718805E-1
6.997143544E0	4.726061821E-1	2.072706223E-1	-3.014864922E-1	5.976719996E-1
7.005200066E0	6.236686707E-1	4.081821442E-1	-5.663518906E-1	9.361248515E-1
7.013226071E0	8.144605160E-1	4.592895508E-1	-7.720522881E-1	1.212583011E0
7.021252075E0	1.005095482E0	4.544677734E-1	-8.587040901E-1	1.397902214E0
7.029308597E0	1.210392714E0	3.455982208E-1	-7.610664368E-1	1.470955734E0
7.037243051E0	1.186343431E0	1.621313095E-1	-6.790623665E-1	1.376525698E0
7.045269055E0	1.016185999E0	1.509199142E-1	-6.594605446E-1	1.220778037E0
7.053295060E0	7.504401207E-1	4.356255531E-1	-8.824777603E-1	1.237617467E0
7.061290547E0	5.964815617E-1	5.444283485E-1	-1.162128448E0	1.415180204E0
7.069316552E0	5.342972279E-1	5.572719574E-1	-1.368226051E0	1.571008622E0
7.077342556E0	5.560314655E-1	6.185841560E-1	-1.145502090E0	1.415624381E0
7.085368561E0	5.730669498E-1	5.125169754E-1	-6.275930405E-1	9.924476830E-1
7.093394566E0	7.511157990E-1	3.372211456E-1	-3.929395676E-1	9.123017857E-1
7.101359536E0	7.963237762E-1	5.125350952E-1	-3.698492050E-1	1.016667210E0
7.109416058E0	6.095581055E-1	9.943695068E-1	-8.962216377E-1	1.470899393E0
7.117411545E0	4.682419300E-1	1.409841537E0	-1.390921116E0	2.035083590E0
7.125468068E0	4.462406635E-1	1.459261894E0	-1.614282846E0	2.221370098E0
7.133524590E0	6.849386692E-1	1.181241512E0	-1.537471533E0	2.056280916E0
7.141550594E0	1.124604940E0	6.177482605E-1	-1.253248215E0	1.793594233E0
7.149607116E0	1.542663097E0	7.127523422E-2	-1.160311222E0	1.931634469E0
7.157663638E0	1.585671425E0	2.150096893E-1	-1.302864552E0	2.063501653E0
7.165720160E0	1.295644045E0	9.702830315E-1	-1.625307560E0	2.293854249E0
7.173776681E0	9.058527946E-1	1.711888790E0	-1.548020840E0	2.479415462E0
7.181833203E0	5.263864994E-1	2.253128529E0	-1.598244190E0	2.812126492E0
7.189889725E0	3.739271164E-1	2.375144482E0	-1.557494640E0	2.864772653E0
7.197915730E0	4.119236469E-1	2.440788746E0	-1.398608208E0	2.843103183E0
7.205972251E0	5.175786018E-1	2.338232994E0	-1.362902641E0	2.755489930E0
7.214028774E0	4.911327362E-1	2.402947903E0	-1.411714077E0	2.829895161E0
7.222085295E0	6.121540070E-1	2.494656086E0	-1.488840342E0	2.968953869E0
7.230141817E0	5.245728493E-1	2.516778946E0	-1.353104115E0	2.905209748E0
7.238198339E0	6.173086166E-1	2.486426830E0	-1.400207996E0	2.919584002E0
7.246254860E0	9.487156868E-1	2.097322464E0	-1.647341013E0	2.830645754E0
7.254311383E0	1.330052137E0	1.620255470E0	-2.071216822E0	2.946897623E0
7.262337387E0	1.681062222E0	1.573699474E0	-2.457605600E0	3.367836919E0
7.270393909E0	1.558711410E0	1.926841736E0	-2.553436518E0	3.558417961E0
7.278450431E0	1.270582438E0	2.295017242E0	-2.254189491E0	3.458735916E0
7.286506953E0	9.209511280E-1	2.444390774E0	-2.027375937E0	3.306576844E0
7.294563474E0	6.090450287E-1	2.635540962E0	-2.204354286E0	3.489439759E0
7.302619996E0	4.133708477E-1	2.832090378E0	-2.338606596E0	3.696037361E0
7.310646001E0	3.696961403E-1	2.675245285E0	-2.274460554E0	3.530833242E0
7.318702523E0	5.031573772E-1	2.122367859E0	-1.901011229E0	2.893346914E0
7.326759044E0	7.419862747E-1	1.498684883E0	-1.497143745E0	2.244557730E0
7.334815566E0	8.051280975E-1	1.046150208E0	-1.198197603E0	1.782789670E0
7.342872089E0	7.372183800E-1	9.721212387E-1	-9.938988686E-1	1.573640875E0
7.350898093E0	5.697631836E-1	1.107920647E0	-9.132633209E-1	1.544722674E0
7.358954614E0	3.868525028E-1	1.325613976E0	-1.014087677E0	1.713266205E0
7.367011137E0	4.107520580E-1	1.304181099E0	-1.215265512E0	1.829337546E0
7.375067659E0	4.311487675E-1	1.250737190E0	-1.370680332E0	1.904992743E0
7.383124180E0	3.324508667E-1	1.256647110E0	-1.606680155E0	2.066665589E0
7.391180702E0	1.195306778E-1	1.428673744E0	-1.633779287E0	2.173621635E0
7.399206707E0	8.578300476E-4	1.529988289E0	-1.640725374E0	2.243400244E0
7.407263228E0	8.765554428E-2	1.310528755E0	-1.415779114E0	1.931217132E0
7.415319750E0	1.958055496E-1	9.584426880E-1	-1.179535627E0	1.532402198E0
7.423345755E0	2.338294983E-1	7.396316528E-1	-9.236774445E-1	1.206197014E0
7.431402277E0	1.373541355E-1	6.711530685E-1	-6.868607998E-1	9.700981178E-1
7.439458798E0	3.810167313E-2	6.098318100E-1	-4.292454720E-1	7.467250158E-1
7.447515321E0	-2.043976784E-1	7.071580887E-1	-1.987662315E-1	7.624690080E-1
7.455541325E0	-3.929014206E-1	9.035787582E-1	-3.783893585E-2	9.860313807E-1
7.463597847E0	-4.011733532E-1	9.160318375E-1	-4.344987869E-2	1.000970668E0
7.471654369E0	-1.344139576E-1	7.751712799E-1	-2.561120987E-1	8.273759921E-1
7.479710891E0	9.681892395E-2	4.644269943E-1	-4.033629894E-1	6.227102362E-1
7.487767413E0	1.767427921E-1	3.284730911E-1	-3.623909950E-1	5.200575155E-1
7.495823934E0	1.574518681E-1	3.528423309E-1	-3.632423878E-1	5.303148438E-1
7.503849939E0	-1.676869392E-1	5.931673050E-1	-2.650227547E-1	6.709719978E-1
7.511906461E0	-5.490922928E-1	8.777809143E-1	-2.620458603E-1	1.068021401E0
7.519962982E0	-5.532851219E-1	1.076852798E0	-2.661132812E-2	1.210968430E0
7.528019504E0	-3.410334587E-1	6.366214752E-1	1.709709167E-1	7.421736839E-1
7.536076027E0	2.267026901E-2	1.371097565E-2	4.242973328E-1	4.251236979E-1
7.544132548E0	2.423532009E-1	-3.047370911E-1	4.800868034E-1	6.181287143E-1
7.552189070E0	2.108778954E-1	-1.539678574E-1	3.654198647E-1	4.491183200E-1
7.560215075E0	1.223294735E-1	2.219676971E-1	1.137714386E-1	2.778094651E-1
7.568271597E0	7.907557487E-2	3.806953430E-1	-8.230733871E-2	3.974372765E-1
7.576328118E0	-1.831030846E-2	3.560056686E-1	1.061029434E-1	3.719316310E-1
7.584384640E0	-1.517579556E-1	4.599752426E-1	1.904439926E-1	5.204580821E-1
7.592441162E0	-2.568142414E-1	6.188888550E-1	4.082369804E-2	6.712998911E-1
7.600497684E0	-1.543226242E-1	7.610301971E-1	-1.948642731E-1	8.005963516E-1
7.608523688E0	3.736853600E-2	5.509243011E-1	-3.012900352E-1	6.290386939E-1
7.616580210E0	2.540855408E-1	2.114763260E-1	-2.049889565E-1	3.889757971E-1
7.624636732E0	3.787858486E-1	-2.239036560E-2	-3.147029877E-2	3.807498224E-1
7.632693254E0	4.538321495E-1	-1.320085526E-1	1.018364429E-1	4.834878892E-1
7.640749776E0	3.762900829E-1	-1.672630310E-1	9.831309319E-2	4.233634518E-1
7.648806297E0	2.080514431E-1	1.314182281E-1	1.063640118E-1	2.680847938E-1
7.656832302E0	-4.582238197E-2	3.474569321E-1	2.248992920E-1	4.164201026E-1
7.664888824E0	-1.489558220E-1	4.846849442E-1	2.094984055E-1	5.486318564E-1
7.672945346E0	-6.273579597E-2	4.852399826E-1	1.001889706E-1	4.994311270E-1
7.681001867E0	2.636275291E-1	2.466592789E-1	-1.031947136E-2	3.611741484E-1
7.689058390E0	4.846501350E-1	-9.641551971E-2	1.575002670E-1	5.186405691E-1
7.697114912E0	5.550930500E-1	-1.063699722E-1	2.236735821E-1	6.078426906E-1
7.705171433E0	4.595127106E-1	1.412477493E-1	1.154496670E-1	4.944001249E-1
7.713227955E0	3.986880779E-1	2.008152008E-1	-4.942011833E-2	4.491339182E-1
7.721253960E0	4.043834209E-1	1.493148804E-1	-8.866143227E-2	4.400928700E-1
7.729310481E0	4.037137032E-1	4.091739655E-2	2.954649925E-2	4.068562192E-1
7.737367003E0	3.824806213E-1	7.441902161E-2	1.848976612E-1	4.312966051E-1
7.745423525E0	3.466563225E-1	6.180953979E-2	2.882602215E-1	4.550659078E-1
7.753480047E0	2.344596386E-1	-9.543418884E-3	3.270876408E-1	4.025527589E-1
7.761536569E0	1.401011944E-1	9.454345703E-2	3.341124058E-1	3.744301131E-1
7.769593091E0	9.408044815E-2	1.574687958E-1	2.108480930E-1	2.794717709E-1
7.777619096E0	3.527879715E-3	1.812076569E-1	5.917644501E-2	1.906581036E-1
7.785675617E0	-4.527020454E-2	2.498617172E-1	-4.489374161E-2	2.578676350E-1
7.793732139E0	-8.127355576E-2	3.183374405E-1	-1.431381702E-1	3.583750168E-1
7.801788660E0	-6.655716896E-2	3.562049866E-1	-1.488280296E-1	3.917417920E-1
7.809845182E0	4.626250267E-2	3.273143768E-1	-9.291243553E-2	3.433768209E-1
7.817901705E0	1.523189545E-1	2.886924744E-1	-1.272912025E-1	3.503533344E-1
7.825927709E0	2.566952705E-1	2.658624649E-1	-1.947908401E-1	4.177544537E-1
7.833984230E0	2.618055344E-1	3.112382889E-1	-2.081739902E-1	4.568892869E-1
7.842040753E0	2.601459026E-1	3.101320267E-1	-7.759547234E-2	4.121635864E-1
7.850097275E0	1.056034565E-1	3.186445236E-1	2.280199528E-1	4.058072465E-1
7.858153796E0	-7.036685944E-3	3.130998611E-1	3.381979465E-1	4.609326296E-1
7.866210318E0	3.101778030E-2	2.524976730E-1	1.161534786E-1	2.796583776E-1
7.874266840E0	1.170382500E-1	1.955842972E-1	4.260373116E-2	2.318754993E-1
7.882292845E0	2.012174129E-1	1.283578873E-1	-1.607184410E-1	2.877405286E-1
7.890349366E0	2.776379585E-1	7.421970367E-2	-1.133158207E-1	3.089205005E-1
7.898405888E0	2.546281815E-1	2.480506897E-3	-1.034469843E0	1.065349482E0
7.906462410E0	1.973755360E-1	5.259408951E-1	-1.490792990E0	1.593121045E0
7.914518932E0	-1.009821892E-1	2.916851044E-1	-3.488838673E-1	4.658299641E-1
7.922575454E0	9.383702278E-2	4.698562622E-2	-2.798888683E-1	2.989160660E-1
7.930631975E0	1.903192997E-1	-8.427619934E-3	-4.234869480E-1	4.643637106E-1
7.938657980E0	1.084685326E-2	1.680583954E-1	-2.824432850E-1	3.288396079E-1
7.946714502E0	-9.934568405E-2	3.167829514E-1	-6.289625168E-2	3.379007867E-1
7.954771024E0	1.072304249E-1	1.308565140E-1	4.646325111E-2	1.754440793E-1
7.962827545E0	2.344701290E-1	-7.332611084E-2	2.755744457E-1	3.691804912E-1
7.970884068E0	2.865228653E-1	-3.496551514E-2	3.771123886E-1	4.749017722E-1
7.978940589E0	1.098179817E-2	2.192811966E-1	1.158170700E-1	2.482306121E-1
7.986997111E0	-2.145695686E-2	3.781032562E-1	-1.429610252E-1	4.047966503E-1
7.995023116E0	-6.068706512E-2	3.926134109E-1	2.290654182E-2	3.979358240E-1
8.003079638E0	-1.926326752E-2	3.538560867E-1	1.958193779E-1	4.048832330E-1
8.011136159E0	7.748985291E-2	2.274942398E-1	2.259528637E-1	3.298681601E-1
8.019192681E0	2.326574326E-1	8.008384705E-2	2.107503414E-1	3.239731623E-1
